time,ax,ay,az,wx,wy,wz,latitude,longitude,altitude,speed
2026-02-05T09:53:37.544Z,0.6911,-0.7678,0.4278,0.0277,0.0221,0.0229,28.41488986666667,76.92503443333334,221.9000,3.6526
2026-02-05T09:53:37.551Z,-0.1919,-0.2778,-0.1754,-0.0068,-0.0062,0.0239,28.41488986666667,76.92503443333334,221.9000,3.6526
2026-02-05T09:53:37.561Z,-0.4132,-0.5585,0.5192,0.0086,0.0204,0.0079,28.41488986666667,76.92503443333334,221.9000,3.6526
2026-02-05T09:53:37.571Z,-0.4170,0.3067,0.2234,0.0027,-0.0910,0.0237,28.41488986666667,76.92503443333334,221.9000,3.6526
2026-02-05T09:53:37.581Z,0.0067,-0.9520,0.2979,0.0058,0.0303,0.0230,28.41488986666667,76.92503443333334,221.9000,3.6526
2026-02-05T09:53:37.591Z,0.9469,-0.7555,0.2918,0.0070,0.0274,0.0508,28.41488986666667,76.92503443333334,221.9000,3.6526
2026-02-05T09:53:37.601Z,-1.3204,-0.0828,-0.1427,-0.0285,-0.0487,-0.0062,28.41488986666667,76.92503443333334,221.9000,3.6526
2026-02-05T09:53:37.611Z,-0.8625,-0.1555,0.2588,0.0120,-0.0798,0.0006,28.41488986666667,76.92503443333334,221.9000,3.6526
2026-02-05T09:53:37.621Z,0.1369,-0.3082,0.3496,0.0010,0.0034,0.0244,28.41488986666667,76.92503443333334,221.9000,3.6526
2026-02-05T09:53:37.632Z,1.1285,-0.7334,-0.1624,-0.0030,0.0191,0.0401,28.41488986666667,76.92503443333334,221.9000,3.6526
2026-02-05T09:53:37.641Z,-0.9456,-0.3705,0.6775,0.0024,0.0234,0.0138,28.41488986666667,76.92503443333334,221.9000,3.6526
2026-02-05T09:53:37.651Z,-1.6309,0.1843,-0.5195,-0.0226,-0.1317,-0.0037,28.41488986666667,76.92503443333334,221.9000,3.6526
2026-02-05T09:53:37.661Z,0.2712,-0.7465,-0.5826,-0.0239,-0.0043,0.0017,28.41488986666667,76.92503443333334,221.9000,3.6526
2026-02-05T09:53:37.671Z,1.2438,-0.4507,0.9716,0.0294,0.0641,0.0302,28.41488986666667,76.92503443333334,221.9000,3.6526
2026-02-05T09:53:37.682Z,0.3223,-0.1945,-0.4087,-0.0429,0.0755,0.0397,28.41488986666667,76.92503443333334,221.9000,3.6526
2026-02-05T09:53:37.692Z,-1.5566,-0.3093,-0.9460,-0.0155,-0.1446,-0.0021,28.41488986666667,76.92503443333334,221.9000,3.6526
2026-02-05T09:53:37.704Z,-0.3516,-0.0815,0.5226,-0.0051,-0.0086,-0.0149,28.41488986666667,76.92503443333334,221.9000,3.6526
2026-02-05T09:53:37.711Z,1.2273,-0.4837,0.5014,0.0004,0.0466,0.0522,28.41488986666667,76.92503443333334,221.9000,3.6526
2026-02-05T09:53:37.721Z,0.4525,-0.7291,-0.3929,-0.0034,0.0395,0.0291,28.41488986666667,76.92503443333334,221.9000,3.6526
2026-02-05T09:53:37.731Z,-0.4368,-0.1486,-0.6361,-0.0201,-0.0566,0.0161,28.41488986666667,76.92503443333334,221.9000,3.6526
2026-02-05T09:53:37.740Z,-1.0970,-0.2298,0.1326,-0.0265,-0.0131,0.0080,28.41488986666667,76.92503443333334,221.9000,3.6526
2026-02-05T09:53:37.751Z,0.7931,0.0507,-0.1728,0.0009,-0.0085,0.0248,28.41488986666667,76.92503443333334,221.9000,3.6526
2026-02-05T09:53:37.761Z,0.9314,-0.6567,-0.3250,-0.0249,0.0467,0.0427,28.41488986666667,76.92503443333334,221.9000,3.6526
2026-02-05T09:53:37.771Z,0.3621,-0.5400,-0.1766,-0.0068,0.0054,0.0348,28.41488986666667,76.92503443333334,221.9000,3.6526
2026-02-05T09:53:37.782Z,-0.3911,-0.7192,0.4424,-0.0024,0.0085,0.0098,28.41488986666667,76.92503443333334,221.9000,3.6526
2026-02-05T09:53:37.791Z,0.6535,-0.3860,-0.6536,-0.0494,-0.0290,0.0276,28.414856033333333,76.92503525000001,222.0000,3.3953
2026-02-05T09:53:37.802Z,0.7372,-0.1320,0.0064,0.0161,0.0592,0.0508,28.414856033333333,76.92503525000001,222.0000,3.3953
2026-02-05T09:53:37.811Z,0.2264,-0.3540,0.7197,-0.0014,0.0658,0.0129,28.414856033333333,76.92503525000001,222.0000,3.3953
2026-02-05T09:53:37.821Z,-0.4059,-0.3392,-0.9788,-0.0078,-0.0324,0.0159,28.414856033333333,76.92503525000001,222.0000,3.3953
2026-02-05T09:53:37.831Z,-0.2169,-0.7015,-0.6761,-0.0235,-0.0028,0.0218,28.414856033333333,76.92503525000001,222.0000,3.3953
2026-02-05T09:53:37.842Z,1.2005,-0.0773,0.0697,0.0034,0.0631,0.0327,28.414856033333333,76.92503525000001,222.0000,3.3953
2026-02-05T09:53:37.853Z,0.5360,-0.1247,0.1270,0.0080,0.0881,0.0352,28.414856033333333,76.92503525000001,222.0000,3.3953
2026-02-05T09:53:37.861Z,-0.7447,-0.5051,-0.4551,-0.0259,-0.0454,0.0135,28.414856033333333,76.92503525000001,222.0000,3.3953
2026-02-05T09:53:37.871Z,0.0555,-0.6881,-0.2999,-0.0223,0.0046,0.0128,28.414856033333333,76.92503525000001,222.0000,3.3953
2026-02-05T09:53:37.881Z,0.2669,-0.5850,0.8275,0.0342,0.0544,0.0364,28.414856033333333,76.92503525000001,222.0000,3.3953
2026-02-05T09:53:37.891Z,0.3573,-0.3320,0.0615,-0.0202,0.0780,0.0267,28.414856033333333,76.92503525000001,222.0000,3.3953
2026-02-05T09:53:37.901Z,-0.6488,-0.0795,-0.4040,-0.0080,-0.0958,0.0269,28.414856033333333,76.92503525000001,222.0000,3.3953
2026-02-05T09:53:37.911Z,0.2084,-0.4181,0.3682,0.0009,0.1237,0.0213,28.414856033333333,76.92503525000001,222.0000,3.3953
2026-02-05T09:53:37.921Z,0.1807,-0.6201,0.0772,0.0152,-0.0012,0.0315,28.414856033333333,76.92503525000001,222.0000,3.3953
2026-02-05T09:53:37.932Z,-0.0674,-0.1323,-0.7248,-0.0325,0.0913,0.0259,28.414856033333333,76.92503525000001,222.0000,3.3953
2026-02-05T09:53:37.942Z,-0.3418,0.1442,-0.1429,-0.0020,0.0162,0.0255,28.414856033333333,76.92503525000001,222.0000,3.3953
2026-02-05T09:53:37.951Z,0.1016,-0.2849,-0.1500,-0.0097,0.0502,0.0110,28.414856033333333,76.92503525000001,222.0000,3.3953
2026-02-05T09:53:37.961Z,0.7010,-0.5350,-0.7158,-0.0072,0.0599,0.0298,28.414856033333333,76.92503525000001,222.0000,3.3953
2026-02-05T09:53:37.971Z,-0.0395,-0.6072,0.2356,-0.0104,0.1063,0.0291,28.414856033333333,76.92503525000001,222.0000,3.3953
2026-02-05T09:53:37.981Z,-0.4421,-0.5723,-0.2237,-0.0152,-0.0032,0.0075,28.414856033333333,76.92503525000001,222.0000,3.3953
2026-02-05T09:53:37.991Z,0.3074,-1.3037,0.6084,-0.0057,0.0551,0.0131,28.414856033333333,76.92503525000001,222.0000,3.3953
2026-02-05T09:53:38.001Z,0.7639,-0.5486,0.8299,-0.0153,0.0553,0.0251,28.414856033333333,76.92503525000001,222.0000,3.3953
2026-02-05T09:53:38.011Z,0.0504,-0.2617,-0.0208,0.0032,0.0379,0.0260,28.414856033333333,76.92503525000001,222.0000,3.3953
2026-02-05T09:53:38.021Z,-0.9372,-0.7536,0.7285,0.0163,0.0489,-0.0031,28.414856033333333,76.92503525000001,222.0000,3.3953
2026-02-05T09:53:38.031Z,-0.4768,0.3338,0.0095,-0.0136,-0.0567,0.0080,28.414856033333333,76.92503525000001,222.0000,3.3953
2026-02-05T09:53:38.041Z,-0.3447,0.0698,-0.3857,-0.0244,0.0027,0.0158,28.414856033333333,76.92503525000001,222.0000,3.3953
2026-02-05T09:53:38.051Z,0.4046,-0.8877,0.2932,0.0014,0.0124,0.0306,28.414856033333333,76.92503525000001,222.0000,3.3953
2026-02-05T09:53:38.062Z,-0.0770,-0.3729,-0.1731,-0.0266,0.0454,0.0234,28.414856033333333,76.92503525000001,222.0000,3.3953
2026-02-05T09:53:38.071Z,-1.2850,-0.7428,0.1439,-0.0239,-0.1129,0.0193,28.414856033333333,76.92503525000001,222.0000,3.3953
2026-02-05T09:53:38.081Z,0.0539,-1.1550,0.6874,-0.0161,0.0235,-0.0048,28.414856033333333,76.92503525000001,222.0000,3.3953
2026-02-05T09:53:38.091Z,-0.2356,-0.3334,0.2648,0.0071,-0.0036,0.0280,28.414856033333333,76.92503525000001,222.0000,3.3953
2026-02-05T09:53:38.101Z,-0.3408,-0.1352,0.5328,-0.0016,0.0199,-0.0012,28.414856033333333,76.92503525000001,222.0000,3.3953
2026-02-05T09:53:38.111Z,-0.4776,-0.2653,0.6356,0.0173,-0.0567,0.0099,28.414856033333333,76.92503525000001,222.0000,3.3953
2026-02-05T09:53:38.121Z,-0.5527,-0.0354,-0.7459,-0.0110,0.0737,0.0135,28.414856033333333,76.92503525000001,222.0000,3.3953
2026-02-05T09:53:38.131Z,-0.6772,-0.2673,-0.2662,-0.0074,-0.0888,0.0011,28.414856033333333,76.92503525000001,222.0000,3.3953
2026-02-05T09:53:38.142Z,-0.4401,-0.1691,0.1480,0.0029,-0.0180,0.0006,28.414856033333333,76.92503525000001,222.0000,3.3953
2026-02-05T09:53:38.151Z,0.2624,-0.5603,-0.3820,-0.0135,0.0276,0.0307,28.414856033333333,76.92503525000001,222.0000,3.3953
2026-02-05T09:53:38.161Z,-0.5334,-0.2388,0.0977,-0.0121,-0.0078,0.0059,28.414856033333333,76.92503525000001,222.0000,3.3953
2026-02-05T09:53:38.172Z,0.5483,-0.6919,0.1784,0.0029,0.0138,-0.0006,28.414856033333333,76.92503525000001,222.0000,3.3953
2026-02-05T09:53:38.181Z,-0.7399,-0.6624,0.3438,0.0113,-0.0661,0.0254,28.414856033333333,76.92503525000001,222.0000,3.3953
2026-02-05T09:53:38.191Z,0.2151,-0.0126,-0.0772,-0.0149,0.0467,-0.0049,28.414856033333333,76.92503525000001,222.0000,3.3953
2026-02-05T09:53:38.201Z,0.6055,-0.3719,-0.0436,0.0135,-0.0236,0.0193,28.414856033333333,76.92503525000001,222.0000,3.3953
2026-02-05T09:53:38.211Z,-0.3982,-0.6500,0.5240,0.0197,-0.0360,0.0058,28.414856033333333,76.92503525000001,222.0000,3.3953
2026-02-05T09:53:38.221Z,0.1874,-0.3056,-0.3629,-0.0133,0.0063,0.0108,28.414856033333333,76.92503525000001,222.0000,3.3953
2026-02-05T09:53:38.231Z,-0.0028,-0.0859,-0.0251,0.0048,-0.0395,0.0176,28.414856033333333,76.92503525000001,222.0000,3.3953
2026-02-05T09:53:38.242Z,0.4604,-0.2471,0.2413,0.0081,-0.0188,0.0220,28.414856033333333,76.92503525000001,222.0000,3.3953
2026-02-05T09:53:38.251Z,0.1502,-0.3014,-0.3208,-0.0131,0.0375,0.0228,28.414856033333333,76.92503525000001,222.0000,3.3953
2026-02-05T09:53:38.263Z,-0.5378,-0.6262,-0.1649,-0.0172,-0.0648,-0.0012,28.414856033333333,76.92503525000001,222.0000,3.3953
2026-02-05T09:53:38.271Z,0.2017,-1.1076,0.4767,0.0127,-0.0440,0.0044,28.414856033333333,76.92503525000001,222.0000,3.3953
2026-02-05T09:53:38.281Z,0.6389,-0.6988,0.3044,-0.0172,0.0113,0.0168,28.414856033333333,76.92503525000001,222.0000,3.3953
2026-02-05T09:53:38.292Z,0.0923,-0.2419,0.2992,0.0055,-0.0051,0.0252,28.414856033333333,76.92503525000001,222.0000,3.3953
2026-02-05T09:53:38.301Z,-0.1735,-0.3432,0.6984,0.0085,-0.0008,0.0018,28.414856033333333,76.92503525000001,222.0000,3.3953
2026-02-05T09:53:38.314Z,-0.0054,-0.1418,-0.1495,-0.0049,0.0140,-0.0041,28.414856033333333,76.92503525000001,222.0000,3.3953
2026-02-05T09:53:38.321Z,-0.0054,-0.1418,-0.1495,-0.0049,0.0140,-0.0041,28.414856033333333,76.92503525000001,222.0000,3.3953
2026-02-05T09:53:38.331Z,0.3552,0.0094,-0.3914,0.0190,-0.0287,0.0042,28.414856033333333,76.92503525000001,222.0000,3.3953
2026-02-05T09:53:38.342Z,0.0820,-0.4116,-0.5271,-0.0145,-0.0157,0.0150,28.414856033333333,76.92503525000001,222.0000,3.3953
2026-02-05T09:53:38.351Z,0.1105,-0.3365,0.1167,-0.0002,0.0405,0.0008,28.414856033333333,76.92503525000001,222.0000,3.3953
2026-02-05T09:53:38.364Z,0.0061,-0.3627,-0.3616,-0.0053,-0.0230,-0.0049,28.414856033333333,76.92503525000001,222.0000,3.3953
2026-02-05T09:53:38.371Z,0.0061,-0.3627,-0.3616,-0.0053,-0.0230,-0.0049,28.414856033333333,76.92503525000001,222.0000,3.3953
2026-02-05T09:53:38.381Z,0.7635,-0.3639,0.8794,0.0286,0.0517,0.0129,28.414856033333333,76.92503525000001,222.0000,3.3953
2026-02-05T09:53:38.391Z,0.2370,0.0096,-0.1624,-0.0086,0.0422,0.0126,28.414856033333333,76.92503525000001,222.0000,3.3953
2026-02-05T09:53:38.401Z,-0.6300,-0.5968,-0.5002,0.0104,-0.0480,-0.0104,28.414856033333333,76.92503525000001,222.0000,3.3953
2026-02-05T09:53:38.413Z,0.6784,0.0310,-0.3355,0.0045,0.0089,0.0155,28.414856033333333,76.92503525000001,222.0000,3.3953
2026-02-05T09:53:38.421Z,0.6784,0.0310,-0.3355,0.0045,0.0089,0.0155,28.414856033333333,76.92503525000001,222.0000,3.3953
2026-02-05T09:53:38.431Z,0.9231,-0.1591,-0.5730,0.0052,0.0878,0.0054,28.414856033333333,76.92503525000001,222.0000,3.3953
2026-02-05T09:53:38.442Z,-0.2454,0.1324,-0.3802,0.0009,-0.0168,0.0068,28.414856033333333,76.92503525000001,222.0000,3.3953
2026-02-05T09:53:38.451Z,0.0143,-0.2112,-0.4327,-0.0062,0.0196,-0.0055,28.414856033333333,76.92503525000001,222.0000,3.3953
2026-02-05T09:53:38.463Z,0.8179,0.0186,-0.1720,-0.0071,0.1106,0.0200,28.414856033333333,76.92503525000001,222.0000,3.3953
2026-02-05T09:53:38.471Z,0.6679,0.0938,-0.1522,-0.0071,0.1106,0.0200,28.414856033333333,76.92503525000001,222.0000,3.3953
2026-02-05T09:53:38.481Z,-0.0772,-0.3400,-0.2682,0.0055,0.0155,-0.0022,28.414856033333333,76.92503525000001,222.0000,3.3953
2026-02-05T09:53:38.491Z,-0.4386,-0.2406,-0.2144,-0.0043,-0.0615,0.0002,28.414856033333333,76.92503525000001,222.0000,3.3953
2026-02-05T09:53:38.502Z,0.8933,-0.7255,0.1197,0.0204,0.0952,0.0079,28.414856033333333,76.92503525000001,222.0000,3.3953
2026-02-05T09:53:38.513Z,0.1939,-0.1230,-0.2723,-0.0005,0.0526,0.0226,28.414856033333333,76.92503525000001,222.0000,3.3953
2026-02-05T09:53:38.521Z,0.1939,-0.1230,-0.2723,-0.0005,0.0526,0.0226,28.414856033333333,76.92503525000001,222.0000,3.3953
2026-02-05T09:53:38.531Z,-0.5236,-0.0634,0.2427,0.0037,0.0091,-0.0056,28.414856033333333,76.92503525000001,222.0000,3.3953
2026-02-05T09:53:38.542Z,-0.2466,0.3209,-0.3649,-0.0100,0.0003,0.0213,28.414856033333333,76.92503525000001,222.0000,3.3953
2026-02-05T09:53:38.552Z,0.3049,-0.3332,0.2629,-0.0244,0.0385,0.0168,28.414856033333333,76.92503525000001,222.0000,3.3953
2026-02-05T09:53:38.563Z,-0.7182,-0.7663,0.2980,-0.0085,0.0969,0.0071,28.414856033333333,76.92503525000001,222.0000,3.3953
2026-02-05T09:53:38.571Z,-0.7182,-0.7663,0.2980,-0.0085,0.0969,0.0071,28.414856033333333,76.92503525000001,222.0000,3.3953
2026-02-05T09:53:38.581Z,-0.7421,-0.4639,-0.3047,0.0010,-0.1326,0.0128,28.414856033333333,76.92503525000001,222.0000,3.3953
2026-02-05T09:53:38.591Z,0.2085,-0.1410,0.1702,-0.0053,0.1431,0.0195,28.414856033333333,76.92503525000001,222.0000,3.3953
2026-02-05T09:53:38.601Z,0.2042,-0.3634,0.7771,0.0080,-0.0125,0.0249,28.414856033333333,76.92503525000001,222.0000,3.3953
2026-02-05T09:53:38.613Z,-0.5178,0.0072,0.1994,0.0056,0.0053,0.0222,28.414856033333333,76.92503525000001,222.0000,3.3953
2026-02-05T09:53:38.621Z,-0.5178,0.0072,0.1994,0.0056,0.0053,0.0222,28.414856033333333,76.92503525000001,222.0000,3.3953
2026-02-05T09:53:38.631Z,-0.1232,0.1632,0.4159,0.0032,0.0414,0.0075,28.414856033333333,76.92503525000001,222.0000,3.3953
2026-02-05T09:53:38.642Z,-0.3909,0.2777,-0.2384,0.0072,-0.0269,0.0123,28.414856033333333,76.92503525000001,222.0000,3.3953
2026-02-05T09:53:38.651Z,-0.0432,0.0951,-0.1445,0.0005,0.0462,0.0218,28.414856033333333,76.92503525000001,222.0000,3.3953
2026-02-05T09:53:38.663Z,-0.8182,0.0859,0.6686,0.0101,-0.0107,0.0069,28.414856033333333,76.92503525000001,222.0000,3.3953
2026-02-05T09:53:38.671Z,-0.2876,0.0141,-0.0833,0.0101,-0.0107,0.0069,28.414856033333333,76.92503525000001,222.0000,3.3953
2026-02-05T09:53:38.681Z,-0.3358,0.3731,-0.2856,-0.0008,-0.0076,0.0135,28.414856033333333,76.92503525000001,222.0000,3.3953
2026-02-05T09:53:38.692Z,0.3615,0.6803,0.6197,0.0194,0.0450,0.0099,28.414856033333333,76.92503525000001,222.0000,3.3953
2026-02-05T09:53:38.701Z,-0.3098,0.1860,0.2211,0.0286,-0.0012,0.0151,28.414856033333333,76.92503525000001,222.0000,3.3953
2026-02-05T09:53:38.713Z,0.3943,0.4333,0.0519,0.0264,0.0364,0.0115,28.414856033333333,76.92503525000001,222.0000,3.3953
2026-02-05T09:53:38.721Z,0.3943,0.4333,0.0519,0.0264,0.0364,0.0115,28.414856033333333,76.92503525000001,222.0000,3.3953
2026-02-05T09:53:38.731Z,-0.1211,0.2839,0.4850,0.0528,0.0312,0.0051,28.414856033333333,76.92503525000001,222.0000,3.3953
2026-02-05T09:53:38.741Z,-0.1192,0.2695,-0.3563,0.0206,-0.0160,0.0129,28.414856033333333,76.92503525000001,222.0000,3.3953
2026-02-05T09:53:38.751Z,-0.2850,-0.2626,0.3036,0.0371,-0.0159,0.0019,28.414856033333333,76.92503525000001,222.0000,3.3953
2026-02-05T09:53:38.763Z,-0.5121,0.4471,0.1437,0.0281,-0.0581,0.0159,28.414856033333333,76.92503525000001,222.0000,3.3953
2026-02-05T09:53:38.771Z,-0.5121,0.4471,0.1437,0.0281,-0.0581,0.0159,28.414856033333333,76.92503525000001,222.0000,3.3953
2026-02-05T09:53:38.781Z,-0.0245,0.3427,0.6172,0.0306,-0.0008,-0.0030,28.414856033333333,76.92503525000001,222.0000,3.3953
2026-02-05T09:53:38.791Z,0.2639,0.8352,0.5768,0.0249,0.0397,0.0127,28.414825000000004,76.92503645,222.0000,3.1896
2026-02-05T09:53:38.801Z,-0.4467,0.4550,0.4578,0.0412,-0.0277,0.0198,28.414825000000004,76.92503645,222.0000,3.1896
2026-02-05T09:53:38.811Z,-0.2021,-0.2007,-0.1105,0.0057,-0.0614,-0.0043,28.414825000000004,76.92503645,222.0000,3.1896
2026-02-05T09:53:38.821Z,0.1077,0.3982,-0.2213,0.0231,0.0021,0.0067,28.414825000000004,76.92503645,222.0000,3.1896
2026-02-05T09:53:38.831Z,-0.3127,0.2174,0.5029,0.0197,-0.0170,-0.0039,28.414825000000004,76.92503645,222.0000,3.1896
2026-02-05T09:53:38.841Z,0.3602,0.0774,0.2073,0.0048,-0.0333,-0.0018,28.414825000000004,76.92503645,222.0000,3.1896
2026-02-05T09:53:38.851Z,-0.3948,0.1904,-0.0117,-0.0104,-0.0585,0.0077,28.414825000000004,76.92503645,222.0000,3.1896
2026-02-05T09:53:38.863Z,-0.7179,0.1130,0.7775,0.0336,-0.0221,-0.0071,28.414825000000004,76.92503645,222.0000,3.1896
2026-02-05T09:53:38.871Z,-0.7179,0.1130,0.7775,0.0336,-0.0221,-0.0071,28.414825000000004,76.92503645,222.0000,3.1896
2026-02-05T09:53:38.881Z,-0.4037,0.5151,-0.5859,-0.0317,-0.0581,-0.0165,28.414825000000004,76.92503645,222.0000,3.1896
2026-02-05T09:53:38.891Z,0.3109,0.0599,0.2558,0.0100,-0.0180,0.0081,28.414825000000004,76.92503645,222.0000,3.1896
2026-02-05T09:53:38.901Z,0.3529,-0.1226,1.0964,0.0163,0.0532,0.0026,28.414825000000004,76.92503645,222.0000,3.1896
2026-02-05T09:53:38.911Z,-0.2801,0.7040,-0.9558,-0.0326,-0.0658,-0.0029,28.414825000000004,76.92503645,222.0000,3.1896
2026-02-05T09:53:38.920Z,-0.6061,0.1406,-0.1107,0.0207,-0.0066,-0.0083,28.414825000000004,76.92503645,222.0000,3.1896
2026-02-05T09:53:38.931Z,0.6513,-0.1992,0.5212,-0.0015,0.0048,0.0076,28.414825000000004,76.92503645,222.0000,3.1896
2026-02-05T09:53:38.941Z,0.3788,-0.1524,-0.9086,-0.0375,0.0064,0.0057,28.414825000000004,76.92503645,222.0000,3.1896
2026-02-05T09:53:38.951Z,0.1990,-0.2023,0.2637,-0.0009,0.0102,0.0027,28.414825000000004,76.92503645,222.0000,3.1896
2026-02-05T09:53:38.962Z,-0.0114,0.4486,0.0627,-0.0042,0.0005,0.0088,28.414825000000004,76.92503645,222.0000,3.1896
2026-02-05T09:53:38.972Z,-0.1739,-0.0430,-0.0812,-0.0042,0.0005,0.0088,28.414825000000004,76.92503645,222.0000,3.1896
2026-02-05T09:53:38.981Z,0.7660,0.3084,-0.1243,-0.0018,0.0353,0.0126,28.414825000000004,76.92503645,222.0000,3.1896
2026-02-05T09:53:38.991Z,0.6012,-0.4237,-0.0084,-0.0087,-0.0206,0.0099,28.414825000000004,76.92503645,222.0000,3.1896
2026-02-05T09:53:39.001Z,0.8915,-0.4050,-0.0131,-0.0263,0.0539,0.0297,28.414825000000004,76.92503645,222.0000,3.1896
2026-02-05T09:53:39.012Z,-0.8697,0.6337,0.1522,-0.0352,0.0041,0.0067,28.414825000000004,76.92503645,222.0000,3.1896
2026-02-05T09:53:39.021Z,0.6322,-0.0821,-0.4015,-0.0352,0.0041,0.0067,28.414825000000004,76.92503645,222.0000,3.1896
2026-02-05T09:53:39.031Z,0.4376,-0.2928,-0.1581,-0.0011,-0.0254,0.0268,28.414825000000004,76.92503645,222.0000,3.1896
2026-02-05T09:53:39.042Z,1.0672,-0.0319,0.1309,-0.0308,0.1288,0.0078,28.414825000000004,76.92503645,222.0000,3.1896
2026-02-05T09:53:39.051Z,-0.4872,-0.2230,-0.3443,-0.0418,-0.1089,0.0081,28.414825000000004,76.92503645,222.0000,3.1896
2026-02-05T09:53:39.062Z,-0.2585,0.3780,0.2017,-0.0246,0.0350,0.0333,28.414825000000004,76.92503645,222.0000,3.1896
2026-02-05T09:53:39.071Z,0.6094,0.1833,0.4903,-0.0246,0.0350,0.0333,28.414825000000004,76.92503645,222.0000,3.1896
2026-02-05T09:53:39.081Z,-0.0331,0.1615,0.0874,-0.0185,0.0144,0.0184,28.414825000000004,76.92503645,222.0000,3.1896
2026-02-05T09:53:39.091Z,0.2473,-0.2265,0.0050,-0.0165,0.0649,0.0019,28.414825000000004,76.92503645,222.0000,3.1896
2026-02-05T09:53:39.102Z,-0.8564,-0.5580,-0.2959,-0.0351,-0.0647,0.0067,28.414825000000004,76.92503645,222.0000,3.1896
2026-02-05T09:53:39.121Z,0.4824,0.8263,-0.3570,-0.0042,0.1272,0.0208,28.414825000000004,76.92503645,222.0000,3.1896
2026-02-05T09:53:39.131Z,0.0539,-0.2624,-0.5756,-0.0344,-0.0190,0.0139,28.414825000000004,76.92503645,222.0000,3.1896
2026-02-05T09:53:39.142Z,-0.0734,0.2131,-0.8965,-0.0400,0.0737,0.0067,28.414825000000004,76.92503645,222.0000,3.1896
2026-02-05T09:53:39.151Z,-0.5681,0.0999,0.8254,0.0052,0.0455,-0.0047,28.414825000000004,76.92503645,222.0000,3.1896
2026-02-05T09:53:39.162Z,0.6538,0.2198,-0.7329,-0.0183,0.0561,0.0214,28.414825000000004,76.92503645,222.0000,3.1896
2026-02-05T09:53:39.171Z,0.6538,0.2198,-0.7329,-0.0183,0.0561,0.0214,28.414825000000004,76.92503645,222.0000,3.1896
2026-02-05T09:53:39.181Z,0.3551,0.0591,1.0563,0.0220,0.1503,0.0022,28.414825000000004,76.92503645,222.0000,3.1896
2026-02-05T09:53:39.193Z,-0.6214,0.1877,-0.6275,-0.0170,0.0337,0.0094,28.414825000000004,76.92503645,222.0000,3.1896
2026-02-05T09:53:39.201Z,-0.3818,0.5292,-0.7673,-0.0170,0.0337,0.0094,28.414825000000004,76.92503645,222.0000,3.1896
2026-02-05T09:53:39.212Z,0.7327,-0.0852,-0.1968,-0.0177,0.0378,0.0177,28.414825000000004,76.92503645,222.0000,3.1896
2026-02-05T09:53:39.222Z,0.7327,-0.0852,-0.1968,-0.0177,0.0378,0.0177,28.414825000000004,76.92503645,222.0000,3.1896
2026-02-05T09:53:39.231Z,-0.3583,0.1181,-0.9225,0.0121,-0.0133,0.0120,28.414825000000004,76.92503645,222.0000,3.1896
2026-02-05T09:53:39.242Z,0.0237,0.9777,0.2105,0.0190,0.0783,0.0092,28.414825000000004,76.92503645,222.0000,3.1896
2026-02-05T09:53:39.252Z,0.5801,0.0683,-0.5483,0.0009,0.0433,0.0108,28.414825000000004,76.92503645,222.0000,3.1896
2026-02-05T09:53:39.263Z,0.2598,-0.2003,-0.6422,-0.0201,0.0529,-0.0031,28.414825000000004,76.92503645,222.0000,3.1896
2026-02-05T09:53:39.271Z,-0.4513,0.0275,0.2960,-0.0201,0.0529,-0.0031,28.414825000000004,76.92503645,222.0000,3.1896
2026-02-05T09:53:39.283Z,-0.4459,0.4952,0.2761,0.0138,0.1388,0.0191,28.414825000000004,76.92503645,222.0000,3.1896
2026-02-05T09:53:39.291Z,0.5339,0.6739,0.9732,0.0138,0.1388,0.0191,28.414825000000004,76.92503645,222.0000,3.1896
2026-02-05T09:53:39.301Z,-0.2976,0.2287,0.7058,0.0331,0.0169,0.0160,28.414825000000004,76.92503645,222.0000,3.1896
2026-02-05T09:53:39.311Z,-0.8544,-0.4072,-0.2581,0.0029,0.0356,0.0005,28.414825000000004,76.92503645,222.0000,3.1896
2026-02-05T09:53:39.321Z,0.0186,0.3476,0.1454,0.0029,0.0356,0.0005,28.414825000000004,76.92503645,222.0000,3.1896
2026-02-05T09:53:39.332Z,-0.4459,0.9869,0.3494,-0.0010,0.0138,0.0089,28.414825000000004,76.92503645,222.0000,3.1896
2026-02-05T09:53:39.343Z,0.3949,-0.0132,-0.1270,0.0285,0.0168,0.0202,28.414825000000004,76.92503645,222.0000,3.1896
2026-02-05T09:53:39.351Z,-0.6161,-0.2049,0.7266,-0.0046,0.0172,-0.0254,28.414825000000004,76.92503645,222.0000,3.1896
2026-02-05T09:53:39.363Z,-1.0505,-0.0384,0.1442,0.0083,-0.0576,0.0024,28.414825000000004,76.92503645,222.0000,3.1896
2026-02-05T09:53:39.371Z,-0.3571,0.7149,-0.1011,0.0083,-0.0576,0.0024,28.414825000000004,76.92503645,222.0000,3.1896
2026-02-05T09:53:39.383Z,-0.0723,0.3222,0.7230,0.0178,-0.0603,0.0044,28.414825000000004,76.92503645,222.0000,3.1896
2026-02-05T09:53:39.393Z,-0.0406,0.3034,0.4182,-0.0112,0.0551,-0.0101,28.414825000000004,76.92503645,222.0000,3.1896
2026-02-05T09:53:39.401Z,-0.5566,0.1156,-0.1971,-0.0112,0.0551,-0.0101,28.414825000000004,76.92503645,222.0000,3.1896
2026-02-05T09:53:39.411Z,-0.3020,0.3197,-0.1382,0.0134,-0.0123,-0.0057,28.414825000000004,76.92503645,222.0000,3.1896
2026-02-05T09:53:39.424Z,-0.2579,0.6150,0.6688,-0.0232,-0.0013,-0.0062,28.414825000000004,76.92503645,222.0000,3.1896
2026-02-05T09:53:39.433Z,0.2749,0.1130,0.4182,-0.0234,-0.0350,0.0100,28.414825000000004,76.92503645,222.0000,3.1896
2026-02-05T09:53:39.443Z,-0.0744,0.0815,-0.7036,0.0145,-0.0095,-0.0208,28.414825000000004,76.92503645,222.0000,3.1896
2026-02-05T09:53:39.452Z,-0.4356,-0.2662,0.6460,-0.0126,-0.0312,-0.0044,28.414825000000004,76.92503645,222.0000,3.1896
2026-02-05T09:53:39.462Z,0.4653,0.4358,0.4433,-0.0037,-0.0384,0.0135,28.414825000000004,76.92503645,222.0000,3.1896
2026-02-05T09:53:39.473Z,-0.5882,0.5732,-0.4266,0.0080,-0.0089,-0.0179,28.414825000000004,76.92503645,222.0000,3.1896
2026-02-05T09:53:39.483Z,-0.2262,0.1109,0.8538,-0.0300,-0.1209,0.0045,28.414825000000004,76.92503645,222.0000,3.1896
2026-02-05T09:53:39.492Z,-0.2131,0.4224,-0.2283,-0.0085,0.0064,0.0115,28.414825000000004,76.92503645,222.0000,3.1896
2026-02-05T09:53:39.501Z,0.1485,-0.1633,-0.6455,-0.0085,0.0064,0.0115,28.414825000000004,76.92503645,222.0000,3.1896
2026-02-05T09:53:39.511Z,0.6183,0.0921,1.1045,-0.0392,-0.0730,-0.0053,28.414825000000004,76.92503645,222.0000,3.1896
2026-02-05T09:53:39.521Z,-0.2087,0.3584,-0.0858,-0.0392,-0.0730,-0.0053,28.414825000000004,76.92503645,222.0000,3.1896
2026-02-05T09:53:39.533Z,-0.2320,0.4127,-0.4131,0.0086,0.0764,-0.0018,28.414825000000004,76.92503645,222.0000,3.1896
2026-02-05T09:53:39.542Z,0.3755,0.3645,1.1571,-0.0302,-0.0647,0.0097,28.414825000000004,76.92503645,222.0000,3.1896
2026-02-05T09:53:39.552Z,0.2829,0.2782,-0.2489,-0.0159,-0.0120,0.0161,28.414825000000004,76.92503645,222.0000,3.1896
2026-02-05T09:53:39.563Z,-0.1377,0.2188,-0.2759,-0.0068,0.0353,-0.0118,28.414825000000004,76.92503645,222.0000,3.1896
2026-02-05T09:53:39.573Z,-0.0421,-0.2432,0.8786,-0.0166,-0.0824,0.0065,28.414825000000004,76.92503645,222.0000,3.1896
2026-02-05T09:53:39.582Z,0.0726,0.0861,-0.6280,-0.0347,0.0689,0.0070,28.414825000000004,76.92503645,222.0000,3.1896
2026-02-05T09:53:39.593Z,0.2422,0.3583,-0.1203,-0.0189,-0.0578,0.0076,28.414825000000004,76.92503645,222.0000,3.1896
2026-02-05T09:53:39.603Z,0.3065,0.4033,-0.1944,0.0022,0.0322,0.0066,28.414825000000004,76.92503645,222.0000,3.1896
2026-02-05T09:53:39.612Z,0.1354,0.5839,-0.1310,-0.0428,-0.0039,0.0002,28.414825000000004,76.92503645,222.0000,3.1896
2026-02-05T09:53:39.622Z,0.1354,0.5839,-0.1310,-0.0428,-0.0039,0.0002,28.414825000000004,76.92503645,222.0000,3.1896
2026-02-05T09:53:39.632Z,0.0392,0.1774,-0.1004,-0.0088,-0.0043,0.0110,28.414825000000004,76.92503645,222.0000,3.1896
2026-02-05T09:53:39.643Z,0.1351,-0.2958,0.7737,-0.0327,0.0173,0.0025,28.414825000000004,76.92503645,222.0000,3.1896
2026-02-05T09:53:39.651Z,0.8801,0.0869,-0.2294,-0.0327,0.0173,0.0025,28.414825000000004,76.92503645,222.0000,3.1896
2026-02-05T09:53:39.662Z,0.4047,-0.0890,0.2522,-0.0311,-0.0410,-0.0174,28.414825000000004,76.92503645,222.0000,3.1896
2026-02-05T09:53:39.673Z,-0.5868,0.1197,0.1413,-0.0114,-0.0368,0.0074,28.414825000000004,76.92503645,222.0000,3.1896
2026-02-05T09:53:39.683Z,0.7795,0.5011,0.3603,-0.0008,0.0646,0.0143,28.414825000000004,76.92503645,222.0000,3.1896
2026-02-05T09:53:39.693Z,0.7795,0.5011,0.3603,-0.0122,0.0357,0.0023,28.414825000000004,76.92503645,222.0000,3.1896
2026-02-05T09:53:39.703Z,1.0887,-0.0531,-0.2897,-0.0312,-0.0132,0.0010,28.414825000000004,76.92503645,222.0000,3.1896
2026-02-05T09:53:39.712Z,0.0256,0.5341,-0.5677,-0.0218,0.0314,-0.0203,28.414825000000004,76.92503645,222.0000,3.1896
2026-02-05T09:53:39.723Z,0.0594,0.2432,-0.1519,-0.0270,0.0517,0.0211,28.414825000000004,76.92503645,222.0000,3.1896
2026-02-05T09:53:39.732Z,0.7195,-0.0572,-0.3584,-0.0131,0.0272,-0.0050,28.414825000000004,76.92503645,222.0000,3.1896
2026-02-05T09:53:39.742Z,-0.3549,-0.5918,-0.1798,-0.0078,0.0196,0.0052,28.414825000000004,76.92503645,222.0000,3.1896
2026-02-05T09:53:39.751Z,0.5881,0.3043,0.4588,-0.0081,0.0600,0.0006,28.414825000000004,76.92503645,222.0000,3.1896
2026-02-05T09:53:39.761Z,0.6828,-0.0063,-0.0714,-0.0086,-0.0265,0.0072,28.414825000000004,76.92503645,222.0000,3.1896
2026-02-05T09:53:39.773Z,0.6828,-0.0063,-0.0714,0.0154,0.1301,0.0085,28.414825000000004,76.92503645,222.0000,3.1896
2026-02-05T09:53:39.783Z,0.0975,0.3247,0.3296,-0.0313,-0.0285,-0.0093,28.414825000000004,76.92503645,222.0000,3.1896
2026-02-05T09:53:39.793Z,0.3295,0.4427,-0.0836,-0.0222,0.0234,0.0138,28.414825000000004,76.92503645,222.0000,3.1896
2026-02-05T09:53:39.803Z,-0.1346,0.7966,-0.9994,0.0035,0.0965,-0.0121,28.414794950000005,76.92503848333334,222.1000,3.2924
2026-02-05T09:53:39.811Z,0.2059,0.6697,0.1355,-0.0290,0.0344,0.0082,28.414794950000005,76.92503848333334,222.1000,3.2924
2026-02-05T09:53:39.823Z,0.4676,0.0859,-0.7225,-0.0238,0.0001,-0.0011,28.414794950000005,76.92503848333334,222.1000,3.2924
2026-02-05T09:53:39.833Z,-0.0165,-1.0642,-0.4140,-0.0128,0.1260,0.0129,28.414794950000005,76.92503848333334,222.1000,3.2924
2026-02-05T09:53:39.842Z,0.9117,-0.1286,1.0027,0.0107,0.0438,0.0036,28.414794950000005,76.92503848333334,222.1000,3.2924
2026-02-05T09:53:39.853Z,0.3211,-0.1686,0.6795,0.0366,0.0007,0.0113,28.414794950000005,76.92503848333334,222.1000,3.2924
2026-02-05T09:53:39.863Z,0.0639,0.0642,0.6905,0.0029,0.0980,0.0176,28.414794950000005,76.92503848333334,222.1000,3.2924
2026-02-05T09:53:39.873Z,0.0639,0.0642,0.6905,0.0191,0.0471,-0.0009,28.414794950000005,76.92503848333334,222.1000,3.2924
2026-02-05T09:53:39.882Z,0.3317,0.9212,-0.5147,0.0136,0.0128,-0.0032,28.414794950000005,76.92503848333334,222.1000,3.2924
2026-02-05T09:53:39.893Z,-0.1007,0.4721,-0.4152,0.0242,0.0081,0.0166,28.414794950000005,76.92503848333334,222.1000,3.2924
2026-02-05T09:53:39.904Z,-0.0976,0.1467,-0.2414,-0.0183,0.1327,0.0054,28.414794950000005,76.92503848333334,222.1000,3.2924
2026-02-05T09:53:39.912Z,0.1140,0.2484,0.1312,0.0232,0.0487,0.0258,28.414794950000005,76.92503848333334,222.1000,3.2924
2026-02-05T09:53:39.923Z,0.1140,0.2484,0.1312,-0.0215,-0.0308,-0.0098,28.414794950000005,76.92503848333334,222.1000,3.2924
2026-02-05T09:53:39.932Z,-1.6598,0.0197,0.3806,0.0143,-0.0164,0.0081,28.414794950000005,76.92503848333334,222.1000,3.2924
2026-02-05T09:53:39.942Z,-0.4582,-0.0205,-0.1245,0.0445,0.1222,0.0172,28.414794950000005,76.92503848333334,222.1000,3.2924
2026-02-05T09:53:39.952Z,0.7003,-0.7503,1.8226,0.0053,0.0028,0.0064,28.414794950000005,76.92503848333334,222.1000,3.2924
2026-02-05T09:53:39.963Z,-0.7165,0.4484,0.1440,0.0297,0.0382,-0.0091,28.414794950000005,76.92503848333334,222.1000,3.2924
2026-02-05T09:53:39.972Z,-0.7165,0.4484,0.1440,0.0463,-0.0292,-0.0058,28.414794950000005,76.92503848333334,222.1000,3.2924
2026-02-05T09:53:39.982Z,-0.7404,0.3402,0.9121,-0.0319,0.0404,-0.0066,28.414794950000005,76.92503848333334,222.1000,3.2924
2026-02-05T09:53:39.992Z,0.1415,0.9025,-1.3699,0.0253,-0.0572,0.0145,28.414794950000005,76.92503848333334,222.1000,3.2924
2026-02-05T09:53:40.003Z,-0.3718,0.4178,0.1617,0.0158,0.0858,-0.0159,28.414794950000005,76.92503848333334,222.1000,3.2924
2026-02-05T09:53:40.013Z,-0.7379,0.7289,-0.9065,-0.0122,-0.1075,0.0201,28.414794950000005,76.92503848333334,222.1000,3.2924
2026-02-05T09:53:40.022Z,-0.7379,0.7289,-0.9065,-0.0114,0.0489,-0.0050,28.414794950000005,76.92503848333334,222.1000,3.2924
2026-02-05T09:53:40.033Z,1.0491,-0.3095,0.7403,-0.0052,0.0146,0.0082,28.414794950000005,76.92503848333334,222.1000,3.2924
2026-02-05T09:53:40.042Z,1.0491,-0.3095,0.7403,-0.0052,0.0284,0.0107,28.414794950000005,76.92503848333334,222.1000,3.2924
2026-02-05T09:53:40.052Z,-0.3678,0.1203,-0.0393,0.0128,-0.0549,-0.0055,28.414794950000005,76.92503848333334,222.1000,3.2924
2026-02-05T09:53:40.062Z,-0.1646,0.3842,0.5493,-0.0041,0.0236,0.0050,28.414794950000005,76.92503848333334,222.1000,3.2924
2026-02-05T09:53:40.072Z,-0.1646,0.3842,0.5493,0.0023,0.0042,0.0143,28.414794950000005,76.92503848333334,222.1000,3.2924
2026-02-05T09:53:40.082Z,0.3784,0.9584,-0.3226,0.0103,0.0413,0.0035,28.414794950000005,76.92503848333334,222.1000,3.2924
2026-02-05T09:53:40.092Z,0.5887,0.1673,-0.2856,-0.0338,0.0066,0.0013,28.414794950000005,76.92503848333334,222.1000,3.2924
2026-02-05T09:53:40.102Z,0.2938,1.0017,-1.0488,-0.0443,-0.0141,-0.0065,28.414794950000005,76.92503848333334,222.1000,3.2924
2026-02-05T09:53:40.112Z,0.3998,0.3656,0.0144,-0.0182,0.0592,0.0070,28.414794950000005,76.92503848333334,222.1000,3.2924
2026-02-05T09:53:40.122Z,0.3998,0.3656,0.0144,-0.0571,0.0853,-0.0025,28.414794950000005,76.92503848333334,222.1000,3.2924
2026-02-05T09:53:40.133Z,0.2566,0.6400,-0.8706,-0.0111,-0.0915,0.0119,28.414794950000005,76.92503848333334,222.1000,3.2924
2026-02-05T09:53:40.143Z,0.8498,0.3629,0.5602,-0.0356,0.1640,-0.0168,28.414794950000005,76.92503848333334,222.1000,3.2924
2026-02-05T09:53:40.151Z,0.8498,0.3629,0.5602,-0.0207,-0.0128,0.0221,28.414794950000005,76.92503848333334,222.1000,3.2924
2026-02-05T09:53:40.162Z,0.1853,0.0600,-0.1797,-0.0462,0.0783,-0.0104,28.414794950000005,76.92503848333334,222.1000,3.2924
2026-02-05T09:53:40.177Z,0.1853,0.0600,-0.1797,-0.0259,0.0095,-0.0139,28.414794950000005,76.92503848333334,222.1000,3.2924
2026-02-05T09:53:40.181Z,-0.2284,1.0252,-1.1596,-0.0778,0.0360,0.0111,28.414794950000005,76.92503848333334,222.1000,3.2924
2026-02-05T09:53:40.192Z,-0.1994,0.9911,-1.5034,-0.0571,-0.0558,-0.0123,28.414794950000005,76.92503848333334,222.1000,3.2924
2026-02-05T09:53:40.202Z,-0.1994,0.9911,-1.5034,-0.1027,0.0483,0.0161,28.414794950000005,76.92503848333334,222.1000,3.2924
2026-02-05T09:53:40.212Z,0.1088,1.2783,-1.6767,-0.0982,-0.0503,0.0056,28.414794950000005,76.92503848333334,222.1000,3.2924
2026-02-05T09:53:40.222Z,-0.7618,0.9732,-1.7435,-0.0996,-0.0705,-0.0131,28.414794950000005,76.92503848333334,222.1000,3.2924
2026-02-05T09:53:40.232Z,-0.8173,0.4559,-0.3345,-0.1176,-0.1124,0.0126,28.414794950000005,76.92503848333334,222.1000,3.2924
2026-02-05T09:53:40.244Z,-0.4123,0.3738,-0.2419,-0.1018,-0.0144,-0.0016,28.414794950000005,76.92503848333334,222.1000,3.2924
2026-02-05T09:53:40.252Z,0.1847,0.2659,0.3057,-0.0741,-0.0810,0.0103,28.414794950000005,76.92503848333334,222.1000,3.2924
2026-02-05T09:53:40.263Z,-0.5573,0.3195,-0.5214,-0.1132,-0.0275,0.0095,28.414794950000005,76.92503848333334,222.1000,3.2924
2026-02-05T09:53:40.272Z,-0.5573,0.3195,-0.5214,-0.0990,-0.1195,-0.0165,28.414794950000005,76.92503848333334,222.1000,3.2924
2026-02-05T09:53:40.282Z,0.0978,0.1930,0.1393,-0.0705,-0.0291,-0.0111,28.414794950000005,76.92503848333334,222.1000,3.2924
2026-02-05T09:53:40.293Z,0.3218,0.6668,-0.2512,-0.1462,0.0161,-0.0024,28.414794950000005,76.92503848333334,222.1000,3.2924
2026-02-05T09:53:40.302Z,0.3218,0.6668,-0.2512,-0.1101,-0.1555,0.0069,28.414794950000005,76.92503848333334,222.1000,3.2924
2026-02-05T09:53:40.313Z,-0.3654,0.1697,0.6349,-0.1241,0.0378,-0.0068,28.414794950000005,76.92503848333334,222.1000,3.2924
2026-02-05T09:53:40.322Z,-0.3654,0.1697,0.6349,-0.0813,-0.1049,0.0274,28.414794950000005,76.92503848333334,222.1000,3.2924
2026-02-05T09:53:40.332Z,-0.0055,-1.0573,1.2305,-0.1023,0.0867,-0.0040,28.414794950000005,76.92503848333334,222.1000,3.2924
2026-02-05T09:53:40.344Z,-0.2061,-0.4131,1.3248,-0.0799,-0.0602,0.0078,28.414794950000005,76.92503848333334,222.1000,3.2924
2026-02-05T09:53:40.353Z,0.5582,-0.6914,1.5916,-0.0659,0.0204,0.0092,28.414794950000005,76.92503848333334,222.1000,3.2924
2026-02-05T09:53:40.362Z,1.3849,-0.4902,1.8856,-0.0491,0.0718,0.0227,28.414794950000005,76.92503848333334,222.1000,3.2924
2026-02-05T09:53:40.373Z,1.0628,-0.1374,1.2906,-0.0552,0.0734,0.0181,28.414794950000005,76.92503848333334,222.1000,3.2924
2026-02-05T09:53:40.382Z,0.1828,-0.4588,1.2236,-0.0415,0.0097,0.0083,28.414794950000005,76.92503848333334,222.1000,3.2924
2026-02-05T09:53:40.394Z,1.1096,-0.8532,1.6280,-0.0097,0.0920,0.0175,28.414794950000005,76.92503848333334,222.1000,3.2924
2026-02-05T09:53:40.401Z,1.1096,-0.8532,1.6280,-0.0040,0.1422,0.0236,28.414794950000005,76.92503848333334,222.1000,3.2924
2026-02-05T09:53:40.412Z,1.6331,-0.9008,1.5765,0.0213,0.1624,0.0339,28.414794950000005,76.92503848333334,222.1000,3.2924
2026-02-05T09:53:40.422Z,1.6331,-0.9008,1.5765,0.0164,0.1838,0.0266,28.414794950000005,76.92503848333334,222.1000,3.2924
2026-02-05T09:53:40.431Z,1.2666,-0.4524,2.0463,0.0661,0.1239,0.0377,28.414794950000005,76.92503848333334,222.1000,3.2924
2026-02-05T09:53:40.444Z,1.1099,-1.0601,2.2344,0.0526,0.1834,0.0254,28.414794950000005,76.92503848333334,222.1000,3.2924
2026-02-05T09:53:40.452Z,1.6686,-0.5950,2.1665,0.0691,0.1878,0.0165,28.414794950000005,76.92503848333334,222.1000,3.2924
2026-02-05T09:53:40.461Z,1.5844,-0.5140,2.9781,0.1290,0.1766,0.0266,28.414794950000005,76.92503848333334,222.1000,3.2924
2026-02-05T09:53:40.473Z,1.3136,0.3584,1.6779,0.0806,0.1745,0.0290,28.414794950000005,76.92503848333334,222.1000,3.2924
2026-02-05T09:53:40.482Z,0.8718,0.3028,1.1441,0.1396,0.2093,0.0415,28.414794950000005,76.92503848333334,222.1000,3.2924
2026-02-05T09:53:40.494Z,0.6518,-0.6984,1.1901,0.1370,0.1523,0.0164,28.414794950000005,76.92503848333334,222.1000,3.2924
2026-02-05T09:53:40.502Z,0.6518,-0.6984,1.1901,0.0991,0.1102,0.0066,28.414794950000005,76.92503848333334,222.1000,3.2924
2026-02-05T09:53:40.512Z,0.1683,-0.2286,0.5968,0.1268,0.1272,0.0065,28.414794950000005,76.92503848333334,222.1000,3.2924
2026-02-05T09:53:40.522Z,0.1683,-0.2286,0.5968,0.1346,0.1166,0.0035,28.414794950000005,76.92503848333334,222.1000,3.2924
2026-02-05T09:53:40.531Z,1.1912,0.2835,0.3630,0.0988,0.1249,0.0337,28.414794950000005,76.92503848333334,222.1000,3.2924
2026-02-05T09:53:40.544Z,-0.4879,-0.0431,0.9496,0.1426,0.1112,0.0124,28.414794950000005,76.92503848333334,222.1000,3.2924
2026-02-05T09:53:40.551Z,-0.4405,-0.5069,0.6004,0.1121,0.1225,-0.0257,28.414794950000005,76.92503848333334,222.1000,3.2924
2026-02-05T09:53:40.561Z,-1.5933,0.0292,-0.2759,0.1052,-0.0224,-0.0025,28.414794950000005,76.92503848333334,222.1000,3.2924
2026-02-05T09:53:40.572Z,-0.8010,0.3933,0.2314,0.0852,0.0578,-0.0217,28.414794950000005,76.92503848333334,222.1000,3.2924
2026-02-05T09:53:40.582Z,0.4928,0.0257,0.4715,0.1320,0.1318,-0.0020,28.414794950000005,76.92503848333334,222.1000,3.2924
2026-02-05T09:53:40.595Z,-0.7737,-0.0091,-0.9787,0.0918,0.0654,0.0038,28.414794950000005,76.92503848333334,222.1000,3.2924
2026-02-05T09:53:40.603Z,-1.5685,0.1358,-1.0844,0.1026,-0.0118,0.0010,28.414794950000005,76.92503848333334,222.1000,3.2924
2026-02-05T09:53:40.612Z,-1.4194,0.0867,-0.1600,0.1048,0.0876,-0.0338,28.414794950000005,76.92503848333334,222.1000,3.2924
2026-02-05T09:53:40.622Z,-1.4194,0.0867,-0.1600,0.0324,-0.0281,-0.0344,28.414794950000005,76.92503848333334,222.1000,3.2924
2026-02-05T09:53:40.632Z,-0.7461,0.1501,-0.8925,0.0981,0.0339,-0.0278,28.414794950000005,76.92503848333334,222.1000,3.2924
2026-02-05T09:53:40.643Z,-0.6391,0.6182,-0.0544,0.0493,0.0868,-0.0071,28.414794950000005,76.92503848333334,222.1000,3.2924
2026-02-05T09:53:40.652Z,-2.2910,0.5909,-1.0513,0.0584,-0.0609,-0.0146,28.414794950000005,76.92503848333334,222.1000,3.2924
2026-02-05T09:53:40.661Z,-1.9436,0.1793,-0.5348,0.0604,-0.0706,-0.0286,28.414794950000005,76.92503848333334,222.1000,3.2924
2026-02-05T09:53:40.672Z,-0.9378,0.4451,-0.4404,0.0629,-0.0433,-0.0273,28.414794950000005,76.92503848333334,222.1000,3.2924
2026-02-05T09:53:40.681Z,-0.9378,0.4451,-0.4404,0.0581,0.0366,-0.0192,28.414794950000005,76.92503848333334,222.1000,3.2924
2026-02-05T09:53:40.693Z,-1.3815,0.2528,-0.9308,0.0687,-0.1507,-0.0309,28.414794950000005,76.92503848333334,222.1000,3.2924
2026-02-05T09:53:40.702Z,-0.7964,0.3654,-1.6200,0.0456,-0.0223,-0.0419,28.414794950000005,76.92503848333334,222.1000,3.2924
2026-02-05T09:53:40.711Z,-1.1361,0.5305,-1.2989,0.0670,-0.2124,-0.0188,28.414794950000005,76.92503848333334,222.1000,3.2924
2026-02-05T09:53:40.722Z,-1.1361,0.5305,-1.2989,0.0384,-0.0263,-0.0152,28.414794950000005,76.92503848333334,222.1000,3.2924
2026-02-05T09:53:40.731Z,-1.0248,0.9279,-1.1720,0.0544,-0.1711,-0.0142,28.414794950000005,76.92503848333334,222.1000,3.2924
2026-02-05T09:53:40.742Z,-1.9106,0.2289,-1.2293,0.0279,-0.2340,-0.0328,28.414794950000005,76.92503848333334,222.1000,3.2924
2026-02-05T09:53:40.751Z,-0.7631,0.3696,-0.4408,0.0579,-0.1192,-0.0190,28.414794950000005,76.92503848333334,222.1000,3.2924
2026-02-05T09:53:40.761Z,-0.8953,0.4206,-0.5287,0.0679,-0.2279,0.0055,28.414794950000005,76.92503848333334,222.1000,3.2924
2026-02-05T09:53:40.772Z,0.0166,0.7585,-1.2479,0.0537,-0.0984,-0.0004,28.414794950000005,76.92503848333334,222.1000,3.2924
2026-02-05T09:53:40.782Z,-0.6454,1.2524,-1.0105,0.0687,-0.2074,0.0112,28.414794950000005,76.92503848333334,222.1000,3.2924
2026-02-05T09:53:40.794Z,-1.0413,0.8071,-1.2163,0.0706,-0.2107,-0.0170,28.41476258333333,76.92504005,222.1000,3.7554
2026-02-05T09:53:40.802Z,0.1496,1.0787,-1.7873,0.0534,-0.1780,-0.0116,28.41476258333333,76.92504005,222.1000,3.7554
2026-02-05T09:53:40.811Z,0.3840,0.9356,-1.6422,0.0554,-0.1938,0.0139,28.41476258333333,76.92504005,222.1000,3.7554
2026-02-05T09:53:40.822Z,0.3840,0.9356,-1.6422,0.0511,-0.0466,0.0147,28.41476258333333,76.92504005,222.1000,3.7554
2026-02-05T09:53:40.831Z,-0.6080,0.9835,-1.0843,0.0545,-0.2027,0.0214,28.41476258333333,76.92504005,222.1000,3.7554
2026-02-05T09:53:40.842Z,-0.7457,0.9702,-1.2628,0.0314,-0.1450,-0.0020,28.41476258333333,76.92504005,222.1000,3.7554
2026-02-05T09:53:40.852Z,0.3195,1.2035,-1.0177,0.0676,-0.1206,0.0175,28.41476258333333,76.92504005,222.1000,3.7554
2026-02-05T09:53:40.861Z,0.5140,0.6095,-0.9558,0.0593,-0.0900,0.0119,28.41476258333333,76.92504005,222.1000,3.7554
2026-02-05T09:53:40.871Z,0.2504,0.8654,-1.7143,0.0564,-0.0498,0.0031,28.41476258333333,76.92504005,222.1000,3.7554
2026-02-05T09:53:40.881Z,-0.7749,0.8342,-1.7730,0.0680,-0.1762,-0.0111,28.41476258333333,76.92504005,222.1000,3.7554
2026-02-05T09:53:40.892Z,-0.2494,0.7134,-2.0080,0.0613,-0.1140,-0.0081,28.41476258333333,76.92504005,222.1000,3.7554
2026-02-05T09:53:40.902Z,0.9172,0.2092,-1.9040,0.0390,-0.0192,0.0155,28.41476258333333,76.92504005,222.1000,3.7554
2026-02-05T09:53:40.911Z,-0.3352,0.7245,-1.1544,0.0633,-0.1474,0.0103,28.41476258333333,76.92504005,222.1000,3.7554
2026-02-05T09:53:40.922Z,-0.3352,0.7245,-1.1544,0.0528,0.0045,-0.0286,28.41476258333333,76.92504005,222.1000,3.7554
2026-02-05T09:53:40.932Z,-0.0932,0.5954,-0.4843,0.0220,-0.1435,-0.0072,28.41476258333333,76.92504005,222.1000,3.7554
2026-02-05T09:53:40.943Z,0.0086,0.3624,-0.0883,0.0271,-0.0832,-0.0148,28.41476258333333,76.92504005,222.1000,3.7554
2026-02-05T09:53:40.951Z,1.7957,-0.0795,0.8863,0.0503,0.0335,0.0155,28.41476258333333,76.92504005,222.1000,3.7554
2026-02-05T09:53:40.961Z,0.1441,0.2597,0.1484,0.0050,-0.0698,0.0009,28.41476258333333,76.92504005,222.1000,3.7554
2026-02-05T09:53:40.972Z,0.4737,0.1749,0.1281,0.0061,-0.0763,-0.0178,28.41476258333333,76.92504005,222.1000,3.7554
2026-02-05T09:53:40.982Z,1.0375,-0.4226,0.9380,-0.0019,-0.0288,-0.0089,28.41476258333333,76.92504005,222.1000,3.7554
2026-02-05T09:53:40.993Z,1.6818,-0.5674,0.5522,-0.0150,-0.0109,0.0106,28.41476258333333,76.92504005,222.1000,3.7554
2026-02-05T09:53:41.002Z,1.5352,-0.7793,0.9862,-0.0290,0.0444,0.0151,28.41476258333333,76.92504005,222.1000,3.7554
2026-02-05T09:53:41.012Z,0.7731,-0.3204,1.6634,-0.0408,-0.0246,0.0044,28.41476258333333,76.92504005,222.1000,3.7554
2026-02-05T09:53:41.021Z,0.7731,-0.3204,1.6634,-0.0634,-0.0141,0.0238,28.41476258333333,76.92504005,222.1000,3.7554
2026-02-05T09:53:41.032Z,1.1631,0.0949,2.0905,-0.0587,0.0433,0.0192,28.41476258333333,76.92504005,222.1000,3.7554
2026-02-05T09:53:41.042Z,2.0860,-0.2951,2.0291,-0.0783,0.0721,0.0497,28.41476258333333,76.92504005,222.1000,3.7554
2026-02-05T09:53:41.051Z,1.4761,-0.5699,2.0221,-0.0950,0.0803,0.0630,28.41476258333333,76.92504005,222.1000,3.7554
2026-02-05T09:53:41.061Z,1.3546,-0.3719,1.7444,-0.1156,0.0802,0.0545,28.41476258333333,76.92504005,222.1000,3.7554
2026-02-05T09:53:41.072Z,1.1849,0.0967,2.1666,-0.1296,0.1224,0.0516,28.41476258333333,76.92504005,222.1000,3.7554
2026-02-05T09:53:41.082Z,1.5305,-0.0715,2.5354,-0.1354,0.1308,0.0504,28.41476258333333,76.92504005,222.1000,3.7554
2026-02-05T09:53:41.093Z,2.1154,-0.1773,2.4567,-0.1478,0.1713,0.0680,28.41476258333333,76.92504005,222.1000,3.7554
2026-02-05T09:53:41.101Z,1.4609,0.1978,2.8434,-0.1381,0.2164,0.0661,28.41476258333333,76.92504005,222.1000,3.7554
2026-02-05T09:53:41.112Z,0.9789,0.6400,2.5905,-0.1297,0.1947,0.0486,28.41476258333333,76.92504005,222.1000,3.7554
2026-02-05T09:53:41.122Z,0.9789,0.6400,2.5905,-0.1573,0.1560,0.0574,28.41476258333333,76.92504005,222.1000,3.7554
2026-02-05T09:53:41.131Z,1.0310,0.3681,1.8568,-0.1244,0.2416,0.0658,28.41476258333333,76.92504005,222.1000,3.7554
2026-02-05T09:53:41.142Z,1.1045,0.1244,1.4330,-0.1344,0.2396,0.0656,28.41476258333333,76.92504005,222.1000,3.7554
2026-02-05T09:53:41.151Z,0.3666,0.4966,0.4960,-0.1413,0.1794,0.0555,28.41476258333333,76.92504005,222.1000,3.7554
2026-02-05T09:53:41.162Z,0.3606,0.9027,0.9922,-0.1296,0.1959,0.0441,28.41476258333333,76.92504005,222.1000,3.7554
2026-02-05T09:53:41.172Z,0.8092,0.8589,1.0241,-0.1131,0.2141,0.0362,28.41476258333333,76.92504005,222.1000,3.7554
2026-02-05T09:53:41.181Z,0.9114,0.7037,0.5832,-0.0995,0.2228,0.0489,28.41476258333333,76.92504005,222.1000,3.7554
2026-02-05T09:53:41.192Z,-0.0024,0.1991,0.7049,-0.0762,0.2072,0.0321,28.41476258333333,76.92504005,222.1000,3.7554
2026-02-05T09:53:41.202Z,-0.1808,0.0352,0.3342,-0.0703,0.1819,0.0288,28.41476258333333,76.92504005,222.1000,3.7554
2026-02-05T09:53:41.212Z,-0.9629,0.4168,0.4375,-0.0545,0.1574,0.0131,28.41476258333333,76.92504005,222.1000,3.7554
2026-02-05T09:53:41.222Z,-0.3209,0.6086,0.2739,-0.0320,0.1358,-0.0008,28.41476258333333,76.92504005,222.1000,3.7554
2026-02-05T09:53:41.231Z,-0.1253,0.5162,-0.0464,-0.0363,0.1534,0.0154,28.41476258333333,76.92504005,222.1000,3.7554
2026-02-05T09:53:41.241Z,-0.7878,0.0199,-0.0459,-0.0237,0.1248,0.0053,28.41476258333333,76.92504005,222.1000,3.7554
2026-02-05T09:53:41.251Z,-0.8851,-0.4147,0.0473,-0.0137,0.1400,-0.0039,28.41476258333333,76.92504005,222.1000,3.7554
2026-02-05T09:53:41.262Z,-1.4485,-0.0359,0.0886,-0.0097,0.0385,-0.0142,28.41476258333333,76.92504005,222.1000,3.7554
2026-02-05T09:53:41.271Z,-1.2421,0.9520,0.0635,-0.0023,0.0698,-0.0195,28.41476258333333,76.92504005,222.1000,3.7554
2026-02-05T09:53:41.282Z,-0.8828,0.5436,0.0673,0.0069,0.0923,-0.0177,28.41476258333333,76.92504005,222.1000,3.7554
2026-02-05T09:53:41.292Z,-1.4056,-0.2508,-0.0107,0.0252,0.0321,-0.0073,28.41476258333333,76.92504005,222.1000,3.7554
2026-02-05T09:53:41.301Z,-1.6113,-0.6456,-0.6518,-0.0082,0.0038,-0.0097,28.41476258333333,76.92504005,222.1000,3.7554
2026-02-05T09:53:41.311Z,-1.6286,-0.4711,-0.6268,0.0132,-0.0264,-0.0153,28.41476258333333,76.92504005,222.1000,3.7554
2026-02-05T09:53:41.321Z,-1.6286,-0.4711,-0.6268,0.0319,-0.0134,-0.0285,28.41476258333333,76.92504005,222.1000,3.7554
2026-02-05T09:53:41.331Z,-1.2963,-0.2135,0.2099,0.0123,-0.0405,-0.0367,28.41476258333333,76.92504005,222.1000,3.7554
2026-02-05T09:53:41.342Z,-1.9398,-0.2109,-0.4410,0.0057,-0.0563,-0.0351,28.41476258333333,76.92504005,222.1000,3.7554
2026-02-05T09:53:41.351Z,-1.6443,-0.2881,-0.3084,0.0084,-0.0821,-0.0374,28.41476258333333,76.92504005,222.1000,3.7554
2026-02-05T09:53:41.361Z,-1.1682,-0.1003,-0.3000,0.0209,-0.1172,-0.0212,28.41476258333333,76.92504005,222.1000,3.7554
2026-02-05T09:53:41.372Z,-1.2962,-0.0546,-0.6933,-0.0144,-0.0795,-0.0418,28.41476258333333,76.92504005,222.1000,3.7554
2026-02-05T09:53:41.381Z,-1.8712,-0.2697,-0.2287,0.0054,-0.1370,-0.0465,28.41476258333333,76.92504005,222.1000,3.7554
2026-02-05T09:53:41.393Z,-1.8010,-0.2792,-0.2082,-0.0054,-0.1843,-0.0603,28.41476258333333,76.92504005,222.1000,3.7554
2026-02-05T09:53:41.402Z,-1.2371,-0.1325,-0.6857,-0.0203,-0.1724,-0.0329,28.41476258333333,76.92504005,222.1000,3.7554
2026-02-05T09:53:41.412Z,-1.3031,-0.4373,0.0719,-0.0056,-0.1050,-0.0342,28.41476258333333,76.92504005,222.1000,3.7554
2026-02-05T09:53:41.422Z,-1.4316,-0.0690,-0.3762,0.0028,-0.2124,-0.0439,28.41476258333333,76.92504005,222.1000,3.7554
2026-02-05T09:53:41.431Z,-1.0541,-0.0604,-1.0127,-0.0180,-0.1976,-0.0375,28.41476258333333,76.92504005,222.1000,3.7554
2026-02-05T09:53:41.442Z,-0.6832,0.4369,-0.9409,-0.0122,-0.2202,-0.0181,28.41476258333333,76.92504005,222.1000,3.7554
2026-02-05T09:53:41.452Z,-0.1947,0.3439,-1.0062,0.0011,-0.1505,-0.0344,28.41476258333333,76.92504005,222.1000,3.7554
2026-02-05T09:53:41.461Z,-0.5883,-0.0717,-1.2637,0.0034,-0.1998,-0.0200,28.41476258333333,76.92504005,222.1000,3.7554
2026-02-05T09:53:41.471Z,-1.0480,-0.0925,-1.7991,-0.0064,-0.2381,-0.0269,28.41476258333333,76.92504005,222.1000,3.7554
2026-02-05T09:53:41.481Z,-0.1461,-0.2449,-1.7415,-0.0135,-0.1687,-0.0150,28.41476258333333,76.92504005,222.1000,3.7554
2026-02-05T09:53:41.493Z,-0.0325,0.2351,-1.0763,0.0130,-0.1767,-0.0177,28.41476258333333,76.92504005,222.1000,3.7554
2026-02-05T09:53:41.501Z,-0.2254,0.4594,-1.0319,-0.0037,-0.2074,-0.0156,28.41476258333333,76.92504005,222.1000,3.7554
2026-02-05T09:53:41.512Z,0.4146,0.0782,-0.8837,0.0201,-0.1504,-0.0007,28.41476258333333,76.92504005,222.1000,3.7554
2026-02-05T09:53:41.522Z,0.5214,0.1354,-0.9059,0.0308,-0.1363,0.0110,28.41476258333333,76.92504005,222.1000,3.7554
2026-02-05T09:53:41.531Z,0.5966,-0.1795,-1.4364,0.0049,-0.1143,0.0114,28.41476258333333,76.92504005,222.1000,3.7554
2026-02-05T09:53:41.542Z,0.3987,-0.0071,-1.5457,0.0045,-0.1119,-0.0062,28.41476258333333,76.92504005,222.1000,3.7554
2026-02-05T09:53:41.552Z,0.2037,0.0674,-0.7707,0.0237,-0.1413,-0.0103,28.41476258333333,76.92504005,222.1000,3.7554
2026-02-05T09:53:41.562Z,1.0018,-0.0219,-0.7092,0.0032,-0.0715,0.0038,28.41476258333333,76.92504005,222.1000,3.7554
2026-02-05T09:53:41.572Z,1.1768,-0.2035,-1.0297,0.0012,-0.0886,0.0119,28.41476258333333,76.92504005,222.1000,3.7554
2026-02-05T09:53:41.581Z,1.1957,-0.1617,-0.3635,0.0301,-0.0055,0.0266,28.41476258333333,76.92504005,222.1000,3.7554
2026-02-05T09:53:41.592Z,0.6374,0.2876,-0.3802,-0.0036,-0.0790,0.0163,28.41476258333333,76.92504005,222.1000,3.7554
2026-02-05T09:53:41.601Z,0.5503,0.2637,-0.6762,0.0059,-0.0605,0.0111,28.41476258333333,76.92504005,222.1000,3.7554
2026-02-05T09:53:41.611Z,1.2758,-0.3156,-0.3370,0.0052,-0.0097,0.0126,28.41476258333333,76.92504005,222.1000,3.7554
2026-02-05T09:53:41.622Z,1.2191,-0.6544,-0.4528,0.0047,-0.0243,0.0191,28.41476258333333,76.92504005,222.1000,3.7554
2026-02-05T09:53:41.631Z,1.0467,-0.3369,-0.4435,-0.0100,0.0033,0.0342,28.41476258333333,76.92504005,222.1000,3.7554
2026-02-05T09:53:41.642Z,0.6932,0.1058,0.1135,-0.0123,-0.0219,0.0069,28.41476258333333,76.92504005,222.1000,3.7554
2026-02-05T09:53:41.652Z,1.5705,0.2076,-0.1429,-0.0100,0.0204,0.0215,28.41476258333333,76.92504005,222.1000,3.7554
2026-02-05T09:53:41.662Z,0.8373,0.0023,0.3845,-0.0137,0.0115,0.0236,28.41476258333333,76.92504005,222.1000,3.7554
2026-02-05T09:53:41.672Z,1.1885,-0.1965,0.0125,-0.0177,0.0220,0.0311,28.41476258333333,76.92504005,222.1000,3.7554
2026-02-05T09:53:41.682Z,0.7447,-0.5940,-0.1163,-0.0283,0.0538,0.0266,28.41476258333333,76.92504005,222.1000,3.7554
2026-02-05T09:53:41.692Z,0.8722,-0.0622,0.2552,-0.0211,0.0629,0.0185,28.41476258333333,76.92504005,222.1000,3.7554
2026-02-05T09:53:41.702Z,0.5205,-0.1911,0.1433,-0.0460,0.0173,0.0231,28.41476258333333,76.92504005,222.1000,3.7554
2026-02-05T09:53:41.711Z,0.3395,-0.3951,0.3746,-0.0268,0.0279,0.0238,28.41476258333333,76.92504005,222.1000,3.7554
2026-02-05T09:53:41.721Z,1.2974,0.1153,0.7597,-0.0291,0.1420,0.0165,28.41476258333333,76.92504005,222.1000,3.7554
2026-02-05T09:53:41.732Z,1.0953,-0.0970,0.6419,-0.0366,0.0538,0.0328,28.41476258333333,76.92504005,222.1000,3.7554
2026-02-05T09:53:41.742Z,0.7785,-0.1345,0.4801,-0.0235,0.1160,0.0366,28.41476258333333,76.92504005,222.1000,3.7554
2026-02-05T09:53:41.752Z,-0.2028,-0.3256,0.4571,-0.0482,0.0957,0.0197,28.41476258333333,76.92504005,222.1000,3.7554
2026-02-05T09:53:41.762Z,0.0468,-0.1217,-0.0089,-0.0498,0.0468,0.0145,28.41476258333333,76.92504005,222.1000,3.7554
2026-02-05T09:53:41.771Z,0.7446,-0.1216,0.8117,-0.0411,0.1081,0.0298,28.41476258333333,76.92504005,222.1000,3.7554
2026-02-05T09:53:41.781Z,0.7866,-0.1298,0.7450,-0.0471,0.1297,0.0381,28.41476258333333,76.92504005,222.1000,3.7554
2026-02-05T09:53:41.792Z,-0.1758,-0.0676,0.4389,-0.0399,0.0590,0.0282,28.414727783333333,76.92504381666666,222.0000,3.9612
2026-02-05T09:53:41.802Z,0.2397,-0.1824,1.0670,-0.0328,0.1616,0.0147,28.414727783333333,76.92504381666666,222.0000,3.9612
2026-02-05T09:53:41.812Z,-0.0821,-0.1473,0.5626,-0.0561,0.0417,0.0313,28.414727783333333,76.92504381666666,222.0000,3.9612
2026-02-05T09:53:41.823Z,0.2450,-0.3205,0.5152,-0.0488,0.1217,0.0183,28.414727783333333,76.92504381666666,222.0000,3.9612
2026-02-05T09:53:41.831Z,0.1366,-0.0210,1.2027,-0.0185,0.1158,0.0232,28.414727783333333,76.92504381666666,222.0000,3.9612
2026-02-05T09:53:41.842Z,-0.3328,0.0430,0.4320,-0.0431,0.0689,0.0304,28.414727783333333,76.92504381666666,222.0000,3.9612
2026-02-05T09:53:41.852Z,-0.2231,-0.0597,0.5182,-0.0270,0.0972,0.0071,28.414727783333333,76.92504381666666,222.0000,3.9612
2026-02-05T09:53:41.864Z,0.3698,0.0043,0.6960,-0.0354,0.0864,0.0300,28.414727783333333,76.92504381666666,222.0000,3.9612
2026-02-05T09:53:41.871Z,-0.7552,0.0262,0.2664,-0.0309,0.0885,0.0223,28.414727783333333,76.92504381666666,222.0000,3.9612
2026-02-05T09:53:41.881Z,-0.4210,-0.1405,0.6826,-0.0208,0.0671,0.0098,28.414727783333333,76.92504381666666,222.0000,3.9612
2026-02-05T09:53:41.892Z,-0.7443,0.0957,0.5952,-0.0437,0.0202,0.0146,28.414727783333333,76.92504381666666,222.0000,3.9612
2026-02-05T09:53:41.902Z,-0.3347,0.0262,0.2977,-0.0097,0.0631,0.0226,28.414727783333333,76.92504381666666,222.0000,3.9612
2026-02-05T09:53:41.911Z,-0.3718,-0.3083,1.1520,0.0059,0.0906,0.0201,28.414727783333333,76.92504381666666,222.0000,3.9612
2026-02-05T09:53:41.922Z,-0.6737,0.1720,-0.0166,-0.0254,-0.0424,0.0151,28.414727783333333,76.92504381666666,222.0000,3.9612
2026-02-05T09:53:41.931Z,-0.5889,0.1089,0.5206,0.0093,0.0752,0.0113,28.414727783333333,76.92504381666666,222.0000,3.9612
2026-02-05T09:53:41.942Z,-0.4198,0.1465,0.7664,0.0066,0.0419,-0.0001,28.414727783333333,76.92504381666666,222.0000,3.9612
2026-02-05T09:53:41.951Z,-0.7466,0.0607,-0.3965,0.0004,-0.0479,0.0169,28.414727783333333,76.92504381666666,222.0000,3.9612
2026-02-05T09:53:41.961Z,-0.8511,-0.0403,0.5664,0.0088,0.0566,0.0061,28.414727783333333,76.92504381666666,222.0000,3.9612
2026-02-05T09:53:41.972Z,-0.8165,-0.1663,0.3252,-0.0053,-0.0239,0.0054,28.414727783333333,76.92504381666666,222.0000,3.9612
2026-02-05T09:53:41.981Z,-0.6984,-0.0534,-0.1917,0.0029,-0.0335,0.0050,28.414727783333333,76.92504381666666,222.0000,3.9612
2026-02-05T09:53:41.992Z,-0.5237,-0.0614,0.9843,0.0340,0.0152,0.0102,28.414727783333333,76.92504381666666,222.0000,3.9612
2026-02-05T09:53:42.002Z,-0.4675,-0.0255,0.2473,0.0004,0.0113,0.0071,28.414727783333333,76.92504381666666,222.0000,3.9612
2026-02-05T09:53:42.011Z,-0.9642,-0.2060,-0.1059,0.0249,-0.0755,0.0100,28.414727783333333,76.92504381666666,222.0000,3.9612
2026-02-05T09:53:42.022Z,-0.2886,-0.0811,0.7188,0.0290,0.0238,-0.0028,28.414727783333333,76.92504381666666,222.0000,3.9612
2026-02-05T09:53:42.031Z,-0.7449,0.2398,-0.1324,0.0173,-0.0780,0.0122,28.414727783333333,76.92504381666666,222.0000,3.9612
2026-02-05T09:53:42.042Z,-0.6187,0.0145,-0.0958,0.0176,-0.0249,0.0002,28.414727783333333,76.92504381666666,222.0000,3.9612
2026-02-05T09:53:42.052Z,-0.1619,0.2964,0.2687,0.0141,-0.0481,-0.0010,28.414727783333333,76.92504381666666,222.0000,3.9612
2026-02-05T09:53:42.061Z,-0.2973,-0.1599,-0.4181,0.0173,-0.0642,0.0036,28.414727783333333,76.92504381666666,222.0000,3.9612
2026-02-05T09:53:42.072Z,-0.5246,-0.3605,-0.1873,0.0303,-0.0350,0.0070,28.414727783333333,76.92504381666666,222.0000,3.9612
2026-02-05T09:53:42.081Z,-0.6420,-0.0584,-0.1509,0.0073,-0.1052,0.0056,28.414727783333333,76.92504381666666,222.0000,3.9612
2026-02-05T09:53:42.092Z,-0.2377,0.2610,-0.1282,0.0203,-0.0878,0.0187,28.414727783333333,76.92504381666666,222.0000,3.9612
2026-02-05T09:53:42.102Z,-0.2238,0.1936,0.3654,0.0311,-0.0075,-0.0012,28.414727783333333,76.92504381666666,222.0000,3.9612
2026-02-05T09:53:42.111Z,-0.0370,0.0532,-0.5263,0.0188,-0.1333,0.0027,28.414727783333333,76.92504381666666,222.0000,3.9612
2026-02-05T09:53:42.122Z,-0.6231,-0.2470,-0.1936,0.0179,-0.0651,0.0022,28.414727783333333,76.92504381666666,222.0000,3.9612
2026-02-05T09:53:42.132Z,-0.0246,0.0334,-0.1780,0.0147,-0.0824,0.0043,28.414727783333333,76.92504381666666,222.0000,3.9612
2026-02-05T09:53:42.141Z,0.1771,0.1355,-0.8810,0.0117,-0.0771,0.0132,28.414727783333333,76.92504381666666,222.0000,3.9612
2026-02-05T09:53:42.152Z,-0.0728,0.1260,-0.0451,0.0233,-0.0626,0.0135,28.414727783333333,76.92504381666666,222.0000,3.9612
2026-02-05T09:53:42.161Z,-0.2813,0.1710,-0.1754,0.0024,-0.0645,0.0106,28.414727783333333,76.92504381666666,222.0000,3.9612
2026-02-05T09:53:42.173Z,-0.2271,-0.4798,-0.8592,-0.0057,-0.1396,0.0065,28.414727783333333,76.92504381666666,222.0000,3.9612
2026-02-05T09:53:42.181Z,0.5118,0.0923,0.0120,0.0354,-0.0021,0.0149,28.414727783333333,76.92504381666666,222.0000,3.9612
2026-02-05T09:53:42.192Z,0.0383,0.3334,0.1615,0.0128,-0.0431,0.0129,28.414727783333333,76.92504381666666,222.0000,3.9612
2026-02-05T09:53:42.202Z,0.0940,-0.0827,-1.0309,-0.0115,-0.1012,0.0147,28.414727783333333,76.92504381666666,222.0000,3.9612
2026-02-05T09:53:42.211Z,-0.0296,0.1304,-0.0110,0.0242,-0.0207,0.0181,28.414727783333333,76.92504381666666,222.0000,3.9612
2026-02-05T09:53:42.225Z,0.8011,-0.2351,-0.2679,0.0054,-0.0197,0.0079,28.414727783333333,76.92504381666666,222.0000,3.9612
2026-02-05T09:53:42.231Z,0.4708,-0.0995,-1.0412,-0.0070,-0.0631,0.0208,28.414727783333333,76.92504381666666,222.0000,3.9612
2026-02-05T09:53:42.242Z,0.1462,0.3245,0.1103,0.0089,0.0209,0.0165,28.414727783333333,76.92504381666666,222.0000,3.9612
2026-02-05T09:53:42.252Z,0.0277,0.1919,-0.0070,0.0045,-0.0362,0.0158,28.414727783333333,76.92504381666666,222.0000,3.9612
2026-02-05T09:53:42.261Z,0.3726,0.1080,-0.7966,-0.0042,-0.0383,0.0183,28.414727783333333,76.92504381666666,222.0000,3.9612
2026-02-05T09:53:42.273Z,0.5920,-0.0270,0.0021,-0.0032,0.0068,0.0201,28.414727783333333,76.92504381666666,222.0000,3.9612
2026-02-05T09:53:42.289Z,-0.0534,0.0554,-0.1710,0.0103,-0.0379,0.0166,28.414727783333333,76.92504381666666,222.0000,3.9612
2026-02-05T09:53:42.291Z,-0.0534,0.0554,-0.1710,0.0103,-0.0379,0.0166,28.414727783333333,76.92504381666666,222.0000,3.9612
2026-02-05T09:53:42.302Z,0.9227,-0.1651,-0.5077,-0.0160,0.0207,0.0199,28.414727783333333,76.92504381666666,222.0000,3.9612
2026-02-05T09:53:42.311Z,0.3048,0.0722,0.0412,-0.0012,0.0111,0.0243,28.414727783333333,76.92504381666666,222.0000,3.9612
2026-02-05T09:53:42.322Z,0.2408,0.3547,-0.2681,-0.0109,-0.0273,0.0106,28.414727783333333,76.92504381666666,222.0000,3.9612
2026-02-05T09:53:42.331Z,0.2863,0.4110,-0.2012,0.0036,0.0189,0.0101,28.414727783333333,76.92504381666666,222.0000,3.9612
2026-02-05T09:53:42.341Z,0.7097,0.3216,-0.0107,-0.0000,0.0408,0.0200,28.414727783333333,76.92504381666666,222.0000,3.9612
2026-02-05T09:53:42.352Z,0.1185,-0.1081,-0.5635,-0.0292,0.0062,0.0120,28.414727783333333,76.92504381666666,222.0000,3.9612
2026-02-05T09:53:42.361Z,0.0786,-0.1677,-0.3826,-0.0147,-0.0165,0.0182,28.414727783333333,76.92504381666666,222.0000,3.9612
2026-02-05T09:53:42.373Z,-0.0813,0.2287,0.4715,-0.0130,0.0545,0.0087,28.414727783333333,76.92504381666666,222.0000,3.9612
2026-02-05T09:53:42.381Z,0.1708,0.5369,-0.1626,-0.0056,-0.0164,0.0195,28.414727783333333,76.92504381666666,222.0000,3.9612
2026-02-05T09:53:42.393Z,0.2171,-0.0705,0.2928,-0.0095,0.0775,0.0105,28.414727783333333,76.92504381666666,222.0000,3.9612
2026-02-05T09:53:42.401Z,-0.0323,0.0300,0.0096,-0.0057,-0.0188,0.0173,28.414727783333333,76.92504381666666,222.0000,3.9612
2026-02-05T09:53:42.411Z,0.0607,-0.1839,-0.3859,-0.0198,0.0618,-0.0045,28.414727783333333,76.92504381666666,222.0000,3.9612
2026-02-05T09:53:42.422Z,0.3098,0.4668,0.2384,0.0140,0.0347,0.0217,28.414727783333333,76.92504381666666,222.0000,3.9612
2026-02-05T09:53:42.431Z,-0.3571,0.6268,-0.0252,-0.0281,0.0254,0.0055,28.414727783333333,76.92504381666666,222.0000,3.9612
2026-02-05T09:53:42.441Z,0.2274,-0.1795,-0.3102,-0.0043,0.0125,0.0208,28.414727783333333,76.92504381666666,222.0000,3.9612
2026-02-05T09:53:42.451Z,0.0314,-0.2716,0.4590,-0.0015,0.0995,0.0120,28.414727783333333,76.92504381666666,222.0000,3.9612
2026-02-05T09:53:42.462Z,-0.1428,0.1724,-0.3738,-0.0369,-0.0154,0.0200,28.414727783333333,76.92504381666666,222.0000,3.9612
2026-02-05T09:53:42.473Z,-0.6496,0.1883,0.8341,0.0127,0.0474,0.0184,28.414727783333333,76.92504381666666,222.0000,3.9612
2026-02-05T09:53:42.481Z,0.4973,0.0962,0.3901,-0.0325,0.0430,0.0220,28.414727783333333,76.92504381666666,222.0000,3.9612
2026-02-05T09:53:42.491Z,0.0559,-0.0029,0.2375,0.0201,0.0596,0.0322,28.414727783333333,76.92504381666666,222.0000,3.9612
2026-02-05T09:53:42.502Z,-0.0755,-0.1983,0.9094,-0.0034,0.0626,0.0176,28.414727783333333,76.92504381666666,222.0000,3.9612
2026-02-05T09:53:42.512Z,-0.7140,0.4784,-0.6129,-0.0217,-0.0386,0.0310,28.414727783333333,76.92504381666666,222.0000,3.9612
2026-02-05T09:53:42.522Z,0.1592,0.0879,0.1350,0.0011,0.0896,0.0319,28.414727783333333,76.92504381666666,222.0000,3.9612
2026-02-05T09:53:42.531Z,0.3257,-0.0649,0.5425,-0.0023,0.0379,0.0324,28.414727783333333,76.92504381666666,222.0000,3.9612
2026-02-05T09:53:42.541Z,-0.3892,-0.0979,-0.3560,-0.0272,0.0189,0.0367,28.414727783333333,76.92504381666666,222.0000,3.9612
2026-02-05T09:53:42.552Z,-1.0975,-0.0319,0.3327,-0.0270,-0.0096,0.0252,28.414727783333333,76.92504381666666,222.0000,3.9612
2026-02-05T09:53:42.562Z,-0.1260,0.1804,0.8777,-0.0020,0.0144,0.0280,28.414727783333333,76.92504381666666,222.0000,3.9612
2026-02-05T09:53:42.573Z,0.0336,-0.2914,0.6226,-0.0102,0.0348,0.0543,28.414727783333333,76.92504381666666,222.0000,3.9612
2026-02-05T09:53:42.581Z,-0.0632,-0.0578,0.1533,0.0055,0.0538,0.0385,28.414727783333333,76.92504381666666,222.0000,3.9612
2026-02-05T09:53:42.592Z,-0.3702,0.4896,0.4383,-0.0124,0.0120,0.0322,28.414727783333333,76.92504381666666,222.0000,3.9612
2026-02-05T09:53:42.601Z,-1.2695,0.1718,0.0162,-0.0083,-0.0886,0.0385,28.414727783333333,76.92504381666666,222.0000,3.9612
2026-02-05T09:53:42.612Z,0.3739,-0.2914,0.0102,-0.0140,0.0847,0.0210,28.414727783333333,76.92504381666666,222.0000,3.9612
2026-02-05T09:53:42.624Z,0.0102,0.2976,0.1328,-0.0219,-0.0610,0.0475,28.414727783333333,76.92504381666666,222.0000,3.9612
2026-02-05T09:53:42.631Z,-0.8137,-0.0494,0.4533,0.0043,0.0411,0.0252,28.414727783333333,76.92504381666666,222.0000,3.9612
2026-02-05T09:53:42.641Z,-1.0088,-0.5882,0.5312,-0.0255,-0.0668,0.0410,28.414727783333333,76.92504381666666,222.0000,3.9612
2026-02-05T09:53:42.651Z,-1.0018,-0.0356,-0.1359,-0.0300,-0.0862,0.0271,28.414727783333333,76.92504381666666,222.0000,3.9612
2026-02-05T09:53:42.662Z,0.7303,-0.2996,1.0716,0.0106,0.0682,0.0251,28.414727783333333,76.92504381666666,222.0000,3.9612
2026-02-05T09:53:42.673Z,-0.1656,0.2058,0.0188,-0.0187,-0.0418,0.0519,28.414727783333333,76.92504381666666,222.0000,3.9612
2026-02-05T09:53:42.681Z,-1.0853,0.6265,-0.5252,-0.0170,-0.0422,0.0187,28.414727783333333,76.92504381666666,222.0000,3.9612
2026-02-05T09:53:42.692Z,-0.5590,0.1641,1.1876,0.0215,-0.0438,0.0175,28.414727783333333,76.92504381666666,222.0000,3.9612
2026-02-05T09:53:42.702Z,-0.1635,0.2801,-0.2549,-0.0154,-0.0360,0.0300,28.414727783333333,76.92504381666666,222.0000,3.9612
2026-02-05T09:53:42.712Z,0.5139,0.0454,-0.8270,-0.0170,-0.0187,0.0237,28.414727783333333,76.92504381666666,222.0000,3.9612
2026-02-05T09:53:42.722Z,-0.2893,-0.3720,0.9624,0.0213,-0.0111,0.0278,28.414727783333333,76.92504381666666,222.0000,3.9612
2026-02-05T09:53:42.732Z,-0.5084,-0.2735,-0.6052,-0.0448,-0.0372,0.0253,28.414727783333333,76.92504381666666,222.0000,3.9612
2026-02-05T09:53:42.741Z,-1.1945,-0.2553,-0.1105,-0.0194,-0.0820,0.0086,28.414727783333333,76.92504381666666,222.0000,3.9612
2026-02-05T09:53:42.752Z,0.2981,0.2652,1.4150,0.0249,0.0231,0.0096,28.414727783333333,76.92504381666666,222.0000,3.9612
2026-02-05T09:53:42.762Z,-0.2514,0.4468,-0.3871,-0.0223,-0.0939,0.0328,28.414727783333333,76.92504381666666,222.0000,3.9612
2026-02-05T09:53:42.772Z,-0.0346,0.1834,0.2793,0.0390,0.0140,0.0101,28.414727783333333,76.92504381666666,222.0000,3.9612
2026-02-05T09:53:42.782Z,-0.1009,0.1504,0.6867,0.0046,-0.0241,0.0177,28.414727783333333,76.92504381666666,222.0000,3.9612
2026-02-05T09:53:42.792Z,-0.2552,-0.1591,-1.3312,-0.0257,-0.0921,0.0056,28.414727783333333,76.92504381666666,222.0000,3.9612
2026-02-05T09:53:42.802Z,0.6609,-0.0809,0.0058,0.0223,0.0037,0.0160,28.414691633333337,76.92504521666667,222.0000,3.9612
2026-02-05T09:53:42.812Z,-0.0307,0.2786,0.4644,0.0014,-0.0163,0.0193,28.414691633333337,76.92504521666667,222.0000,3.9612
2026-02-05T09:53:42.823Z,-0.4584,0.1258,-0.8682,-0.0251,-0.0782,0.0179,28.414691633333337,76.92504521666667,222.0000,3.9612
2026-02-05T09:53:42.831Z,-0.4755,0.0827,0.4443,0.0156,-0.0295,0.0061,28.414691633333337,76.92504521666667,222.0000,3.9612
2026-02-05T09:53:42.841Z,0.5555,-0.2659,0.5318,0.0084,-0.0074,0.0245,28.414691633333337,76.92504521666667,222.0000,3.9612
2026-02-05T09:53:42.852Z,0.0795,-0.1433,-0.0222,0.0050,-0.0441,0.0450,28.414691633333337,76.92504521666667,222.0000,3.9612
2026-02-05T09:53:42.862Z,0.4396,0.4960,0.2705,0.0180,0.0255,0.0216,28.414691633333337,76.92504521666667,222.0000,3.9612
2026-02-05T09:53:42.872Z,-0.2548,0.2366,0.3475,0.0095,-0.0061,0.0161,28.414691633333337,76.92504521666667,222.0000,3.9612
2026-02-05T09:53:42.881Z,-0.1884,-0.1163,-0.9036,-0.0159,-0.1047,0.0155,28.414691633333337,76.92504521666667,222.0000,3.9612
2026-02-05T09:53:42.891Z,0.8463,-0.1189,-0.2951,0.0108,0.0527,0.0399,28.414691633333337,76.92504521666667,222.0000,3.9612
2026-02-05T09:53:42.902Z,-0.2303,0.0980,0.6582,0.0103,-0.0086,0.0314,28.414691633333337,76.92504521666667,222.0000,3.9612
2026-02-05T09:53:42.911Z,0.1419,0.3994,-0.7171,-0.0186,-0.0173,0.0139,28.414691633333337,76.92504521666667,222.0000,3.9612
2026-02-05T09:53:42.922Z,-0.0737,0.2876,0.1193,0.0173,-0.0230,0.0424,28.414691633333337,76.92504521666667,222.0000,3.9612
2026-02-05T09:53:42.931Z,0.0054,0.0018,0.6703,0.0055,0.0411,0.0302,28.414691633333337,76.92504521666667,222.0000,3.9612
2026-02-05T09:53:42.941Z,0.2892,-0.2820,-0.9011,-0.0247,-0.0547,0.0266,28.414691633333337,76.92504521666667,222.0000,3.9612
2026-02-05T09:53:42.951Z,0.3550,-0.0342,-0.0913,0.0080,0.0329,0.0346,28.414691633333337,76.92504521666667,222.0000,3.9612
2026-02-05T09:53:42.962Z,0.1919,0.6595,0.7450,0.0254,0.0079,0.0340,28.414691633333337,76.92504521666667,222.0000,3.9612
2026-02-05T09:53:42.972Z,0.3422,-0.0903,-0.7329,-0.0147,-0.0065,0.0211,28.414691633333337,76.92504521666667,222.0000,3.9612
2026-02-05T09:53:42.981Z,-0.0429,0.0976,-0.0199,0.0215,-0.0070,0.0394,28.414691633333337,76.92504521666667,222.0000,3.9612
2026-02-05T09:53:42.991Z,0.0530,0.2694,0.1319,0.0038,0.0604,0.0227,28.414691633333337,76.92504521666667,222.0000,3.9612
2026-02-05T09:53:43.002Z,-0.0668,0.0652,-0.9539,-0.0278,-0.0838,0.0208,28.414691633333337,76.92504521666667,222.0000,3.9612
2026-02-05T09:53:43.012Z,-0.2022,0.0724,0.5657,0.0279,0.0251,0.0332,28.414691633333337,76.92504521666667,222.0000,3.9612
2026-02-05T09:53:43.023Z,0.5445,0.0559,0.1384,-0.0142,0.0632,0.0399,28.414691633333337,76.92504521666667,222.0000,3.9612
2026-02-05T09:53:43.031Z,-0.3512,-0.3677,-0.6619,0.0089,-0.0117,0.0209,28.414691633333337,76.92504521666667,222.0000,3.9612
2026-02-05T09:53:43.041Z,0.1272,0.3141,0.4614,0.0221,0.0502,0.0312,28.414691633333337,76.92504521666667,222.0000,3.9612
2026-02-05T09:53:43.052Z,-0.4738,0.4732,0.0778,-0.0140,-0.0251,0.0259,28.414691633333337,76.92504521666667,222.0000,3.9612
2026-02-05T09:53:43.061Z,0.8100,0.3889,-0.5105,0.0075,0.0340,0.0463,28.414691633333337,76.92504521666667,222.0000,3.9612
2026-02-05T09:53:43.072Z,-0.4388,0.0863,0.6194,0.0056,0.0534,0.0368,28.414691633333337,76.92504521666667,222.0000,3.9612
2026-02-05T09:53:43.081Z,-0.1871,-0.1510,-0.5939,-0.0087,-0.0210,0.0143,28.414691633333337,76.92504521666667,222.0000,3.9612
2026-02-05T09:53:43.091Z,-0.6304,0.1990,-0.2557,-0.0050,-0.0041,0.0290,28.414691633333337,76.92504521666667,222.0000,3.9612
2026-02-05T09:53:43.101Z,0.0341,-0.1560,0.5433,0.0024,-0.0034,0.0301,28.414691633333337,76.92504521666667,222.0000,3.9612
2026-02-05T09:53:43.111Z,0.2223,0.1610,-0.2144,-0.0103,-0.0042,0.0436,28.414691633333337,76.92504521666667,222.0000,3.9612
2026-02-05T09:53:43.122Z,-0.2232,0.6078,-0.1187,0.0123,0.0671,0.0294,28.414691633333337,76.92504521666667,222.0000,3.9612
2026-02-05T09:53:43.131Z,-0.4785,0.6734,-0.3455,-0.0077,-0.0443,0.0269,28.414691633333337,76.92504521666667,222.0000,3.9612
2026-02-05T09:53:43.141Z,-0.6490,0.6838,-0.9380,-0.0236,-0.0231,0.0192,28.414691633333337,76.92504521666667,222.0000,3.9612
2026-02-05T09:53:43.152Z,-0.2529,0.0705,-0.6206,0.0146,0.0218,0.0231,28.414691633333337,76.92504521666667,222.0000,3.9612
2026-02-05T09:53:43.162Z,-0.5146,-0.3965,-0.5533,-0.0397,0.0171,0.0305,28.414691633333337,76.92504521666667,222.0000,3.9612
2026-02-05T09:53:43.171Z,-0.1982,0.1401,-0.4791,-0.0234,-0.0669,0.0646,28.414691633333337,76.92504521666667,222.0000,3.9612
2026-02-05T09:53:43.181Z,-0.7902,0.1586,0.9494,-0.0209,-0.0045,0.0276,28.414691633333337,76.92504521666667,222.0000,3.9612
2026-02-05T09:53:43.192Z,-0.1638,0.1483,0.0097,-0.0477,-0.0554,0.0186,28.414691633333337,76.92504521666667,222.0000,3.9612
2026-02-05T09:53:43.202Z,-0.5622,0.0818,-0.0276,-0.0321,-0.0496,0.0142,28.414691633333337,76.92504521666667,222.0000,3.9612
2026-02-05T09:53:43.211Z,0.2844,-0.1347,0.8291,-0.0195,-0.0542,0.0156,28.414691633333337,76.92504521666667,222.0000,3.9612
2026-02-05T09:53:43.222Z,0.0798,-0.2142,-0.6435,-0.0424,0.0123,0.0368,28.414691633333337,76.92504521666667,222.0000,3.9612
2026-02-05T09:53:43.231Z,-0.0241,-0.5157,-0.3645,-0.0351,0.0287,0.0277,28.414691633333337,76.92504521666667,222.0000,3.9612